"type","class","order","family","genus","species","sciname"
"fish","Actinopterygii","Perciformes","Cichlidae","Oreochromis","niloticus","Oreochromis niloticus"
"fish","Actinopterygii","Perciformes","Cichlidae","Oreochromis","mossambicus","Oreochromis mossambicus"
"fish","Actinopterygii","Clupeiformes","Engraulidae","Engraulis","ringens","Engraulis ringens"
"fish","Actinopterygii","Perciformes","Coryphaenidae","Coryphaena","hippurus","Coryphaena hippurus"
"fish","Actinopterygii","Perciformes","Serranidae","Epinephelus","morio","Epinephelus morio"
"fish","Actinopterygii","Perciformes","Serranidae","Epinephelus","striatus","Epinephelus striatus"
"fish","Actinopterygii","Osmeriformes","Argentinidae","Argentina","sphyraena","Argentina sphyraena"
"fish","Actinopterygii","Clupeiformes","Clupeidae","Clupea","harengus","Clupea harengus"
"fish","Actinopterygii","Pleuronectiformes","Pleuronectidae","Glyptocephalus","cynoglossus","Glyptocephalus cynoglossus"
"fish","Actinopterygii","Pleuronectiformes","Scophthalmidae","Lepidorhombus","boscii","Lepidorhombus boscii"
"fish","Actinopterygii","Pleuronectiformes","Scophthalmidae","Lepidorhombus","whiffiagonis","Lepidorhombus whiffiagonis"
"fish","Actinopterygii","Gadiformes","Gadidae","Merlangius","merlangus","Merlangius merlangus"
"fish","Actinopterygii","Gadiformes","Merlucciidae","Merluccius","merluccius","Merluccius merluccius"
"fish","Actinopterygii","Gadiformes","Gadidae","Micromesistius","poutassou","Micromesistius poutassou"
"fish","Actinopterygii","Gadiformes","Lotidae","Molva","molva","Molva molva"
"fish","Actinopterygii","Gadiformes","Gadidae","Pollachius","pollachius","Pollachius pollachius"
"fish","Actinopterygii","Anguilliformes","Anguillidae","Anguilla","anguilla","Anguilla anguilla"
"fish","Actinopterygii","Perciformes","Ammodytidae","Ammodytes","marinus","Ammodytes marinus"
"fish","Actinopterygii","Perciformes","Gobiidae","Aphia","minuta","Aphia minuta"
"fish","Actinopterygii","Scorpaeniformes","Triglidae","Chelidonichthys","cuculus","Chelidonichthys cuculus"
"fish","Actinopterygii","Beloniformes","Belonidae","Belone","belone","Belone belone"
"fish","Actinopterygii","Gadiformes","Lotidae","Brosme","brosme","Brosme brosme"
"fish","Actinopterygii","Perciformes","Caproidae","Capros","aper","Capros aper"
"fish","Actinopterygii","Perciformes","Cepolidae","Cepola","macrophthalma","Cepola macrophthalma"
"fish","Actinopterygii","Perciformes","Labridae","Ctenolabrus","rupestris","Ctenolabrus rupestris"
"fish","Actinopterygii","Scorpaeniformes","Cyclopteridae","Cyclopterus","lumpus","Cyclopterus lumpus"
"fish","Actinopterygii","Perciformes","Moronidae","Dicentrarchus","labrax","Dicentrarchus labrax"
"fish","Actinopterygii","Clupeiformes","Engraulidae","Engraulis","encrasicolus","Engraulis encrasicolus"
"fish","Actinopterygii","Scorpaeniformes","Triglidae","Eutrigla","gurnardus","Eutrigla gurnardus"
"fish","Actinopterygii","Gadiformes","Gadidae","Gadus","morhua","Gadus morhua"
"fish","Actinopterygii","Perciformes","Carangidae","Caranx","hippos","Caranx hippos"
"fish","Actinopterygii","Scorpaeniformes","Sebastidae","Helicolenus","dactylopterus","Helicolenus dactylopterus"
"fish","Actinopterygii","Perciformes","Istiophoridae","Istiophorus","platypterus","Istiophorus platypterus"
"fish","Actinopterygii","Perciformes","Istiophoridae","Istiophorus","albicans","Istiophorus albicans"
"fish","Actinopterygii","Gonorynchiformes","Chanidae","Chanos","chanos","Chanos chanos"
"fish","Actinopterygii","Perciformes","Lutjanidae","Aphareus","rutilans","Aphareus rutilans"
"fish","Actinopterygii","Perciformes","Lutjanidae","Aprion","virescens","Aprion virescens"
"fish","Actinopterygii","Perciformes","Lutjanidae","Apsilus","fuscus","Apsilus fuscus"
"fish","Elasmobranchii","Lamniformes","Lamnidae","Lamna","nasus","Lamna nasus"
"fish","Actinopterygii","Perciformes","Scombridae","Acanthocybium","solandri","Acanthocybium solandri"
"fish","Actinopterygii","Perciformes","Scombridae","Allothunnus","fallai","Allothunnus fallai"
"fish","Actinopterygii","Perciformes","Scombridae","Euthynnus","affinis","Euthynnus affinis"
"fish","Actinopterygii","Perciformes","Scombridae","Euthynnus","alletteratus","Euthynnus alletteratus"
"fish","Actinopterygii","Perciformes","Scombridae","Euthynnus","lineatus","Euthynnus lineatus"
"fish","Actinopterygii","Perciformes","Scombridae","Gasterochisma","melampus","Gasterochisma melampus"
"fish","Actinopterygii","Perciformes","Scombridae","Gymnosarda","unicolor","Gymnosarda unicolor"
"fish","Actinopterygii","Perciformes","Scombridae","Katsuwonus","pelamis","Katsuwonus pelamis"
"fish","Actinopterygii","Perciformes","Scombridae","Orcynopsis","unicolor","Orcynopsis unicolor"
"fish","Actinopterygii","Perciformes","Scombridae","Rastrelliger","brachysoma","Rastrelliger brachysoma"
"fish","Actinopterygii","Perciformes","Scombridae","Rastrelliger","kanagurta","Rastrelliger kanagurta"
"fish","Actinopterygii","Perciformes","Scombridae","Sarda","orientalis","Sarda orientalis"
"fish","Actinopterygii","Perciformes","Scombridae","Sarda","sarda","Sarda sarda"
"fish","Actinopterygii","Perciformes","Scombridae","Scomber","australasicus","Scomber australasicus"
"fish","Actinopterygii","Perciformes","Scombridae","Scomber","japonicus","Scomber japonicus"
"fish","Actinopterygii","Perciformes","Scombridae","Scomber","scombrus","Scomber scombrus"
"fish","Actinopterygii","Perciformes","Scombridae","Scomberomorus","brasiliensis","Scomberomorus brasiliensis"
"fish","Actinopterygii","Perciformes","Scombridae","Scomberomorus","cavalla","Scomberomorus cavalla"
"fish","Actinopterygii","Perciformes","Scombridae","Scomberomorus","commerson","Scomberomorus commerson"
"fish","Actinopterygii","Perciformes","Scombridae","Scomberomorus","guttatus","Scomberomorus guttatus"
"fish","Actinopterygii","Perciformes","Scombridae","Scomberomorus","lineolatus","Scomberomorus lineolatus"
"fish","Actinopterygii","Perciformes","Scombridae","Scomberomorus","maculatus","Scomberomorus maculatus"
"fish","Actinopterygii","Perciformes","Scombridae","Scomberomorus","niphonius","Scomberomorus niphonius"
"fish","Actinopterygii","Perciformes","Scombridae","Scomberomorus","regalis","Scomberomorus regalis"
"fish","Actinopterygii","Perciformes","Scombridae","Scomberomorus","sierra","Scomberomorus sierra"
"fish","Elasmobranchii","Squaliformes","Squalidae","Squalus","acanthias","Squalus acanthias"
"fish","Actinopterygii","Perciformes","Scombridae","Scomberomorus","tritor","Scomberomorus tritor"
"fish","Actinopterygii","Perciformes","Scombridae","Thunnus","alalunga","Thunnus alalunga"
"fish","Actinopterygii","Perciformes","Scombridae","Thunnus","albacares","Thunnus albacares"
"fish","Actinopterygii","Perciformes","Scombridae","Thunnus","atlanticus","Thunnus atlanticus"
"fish","Actinopterygii","Perciformes","Scombridae","Thunnus","maccoyii","Thunnus maccoyii"
"fish","Actinopterygii","Perciformes","Scombridae","Thunnus","obesus","Thunnus obesus"
"fish","Actinopterygii","Perciformes","Scombridae","Thunnus","thynnus","Thunnus thynnus"
"fish","Actinopterygii","Perciformes","Scombridae","Thunnus","tonggol","Thunnus tonggol"
"fish","Actinopterygii","Perciformes","Lutjanidae","Lutjanus","guttatus","Lutjanus guttatus"
"fish","Actinopterygii","Perciformes","Lutjanidae","Lutjanus","kasmira","Lutjanus kasmira"
"fish","Actinopterygii","Perciformes","Lutjanidae","Lutjanus","malabaricus","Lutjanus malabaricus"
"fish","Actinopterygii","Perciformes","Lutjanidae","Lutjanus","peru","Lutjanus peru"
"fish","Actinopterygii","Perciformes","Lutjanidae","Lutjanus","purpureus","Lutjanus purpureus"
"fish","Actinopterygii","Perciformes","Lutjanidae","Lutjanus","quinquelineatus","Lutjanus quinquelineatus"
"fish","Actinopterygii","Elopiformes","Elopidae","Elops","saurus","Elops saurus"
"fish","Actinopterygii","Perciformes","Lutjanidae","Lutjanus","russellii","Lutjanus russellii"
"fish","Actinopterygii","Perciformes","Lutjanidae","Lutjanus","sebae","Lutjanus sebae"
"fish","Actinopterygii","Perciformes","Lutjanidae","Lutjanus","synagris","Lutjanus synagris"
"fish","Actinopterygii","Perciformes","Lutjanidae","Lutjanus","vivanus","Lutjanus vivanus"
"fish","Actinopterygii","Perciformes","Lutjanidae","Ocyurus","chrysurus","Ocyurus chrysurus"
"fish","Actinopterygii","Perciformes","Sparidae","Boops","boops","Boops boops"
"fish","Actinopterygii","Perciformes","Sparidae","Sarpa","salpa","Sarpa salpa"
"fish","Actinopterygii","Perciformes","Lutjanidae","Rhomboplites","aurorubens","Rhomboplites aurorubens"
"fish","Actinopterygii","Perciformes","Istiophoridae","Makaira","nigricans","Makaira nigricans"
"fish","Actinopterygii","Perciformes","Istiophoridae","Istiompax","indica","Istiompax indica"
"fish","Actinopterygii","Perciformes","Istiophoridae","Kajikia","albida","Kajikia albida"
"fish","Actinopterygii","Perciformes","Istiophoridae","Kajikia","audax","Kajikia audax"
"fish","Actinopterygii","Perciformes","Xiphiidae","Xiphias","gladius","Xiphias gladius"
"fish","Actinopterygii","Elopiformes","Megalopidae","Megalops","cyprinoides","Megalops cyprinoides"
"fish","Actinopterygii","Salmoniformes","Salmonidae","Coregonus","lavaretus","Coregonus lavaretus"
"fish","Actinopterygii","Salmoniformes","Salmonidae","Salmo","salar","Salmo salar"
"fish","Actinopterygii","Salmoniformes","Salmonidae","Salmo","trutta","Salmo trutta"
"fish","Actinopterygii","Salmoniformes","Salmonidae","Oncorhynchus","mykiss","Oncorhynchus mykiss"
"fish","Actinopterygii","Salmoniformes","Salmonidae","Oncorhynchus","gorbuscha","Oncorhynchus gorbuscha"
"fish","Actinopterygii","Salmoniformes","Salmonidae","Oncorhynchus","keta","Oncorhynchus keta"
"fish","Actinopterygii","Salmoniformes","Salmonidae","Oncorhynchus","nerka","Oncorhynchus nerka"
"fish","Actinopterygii","Salmoniformes","Salmonidae","Oncorhynchus","tshawytscha","Oncorhynchus tshawytscha"
"fish","Actinopterygii","Salmoniformes","Salmonidae","Oncorhynchus","kisutch","Oncorhynchus kisutch"
"fish","Actinopterygii","Salmoniformes","Salmonidae","Salvelinus","fontinalis","Salvelinus fontinalis"
"fish","Actinopterygii","Salmoniformes","Salmonidae","Salvelinus","alpinus","Salvelinus alpinus"
"fish","Actinopterygii","Osmeriformes","Osmeridae","Mallotus","villosus","Mallotus villosus"
"fish","Actinopterygii","Aulopiformes","Synodontidae","Harpadon","nehereus","Harpadon nehereus"
"fish","Actinopterygii","Perciformes","Lutjanidae","Lutjanus","johnii","Lutjanus johnii"
"fish","Actinopterygii","Perciformes","Lutjanidae","Lutjanus","gibbus","Lutjanus gibbus"
"fish","Actinopterygii","Perciformes","Lutjanidae","Lutjanus","griseus","Lutjanus griseus"
"fish","Actinopterygii","Anguilliformes","Anguillidae","Anguilla","japonica","Anguilla japonica"
"fish","Actinopterygii","Anguilliformes","Anguillidae","Anguilla","rostrata","Anguilla rostrata"
"fish","Actinopterygii","Anguilliformes","Muraenesocidae","Muraenesox","cinereus","Muraenesox cinereus"
"fish","Actinopterygii","Anguilliformes","Congridae","Conger","orbignianus","Conger orbignianus"
"fish","Actinopterygii","Anguilliformes","Congridae","Conger","oceanicus","Conger oceanicus"
"fish","Actinopterygii","Anguilliformes","Congridae","Conger","conger","Conger conger"
"fish","Actinopterygii","Anguilliformes","Congridae","Conger","myriaster","Conger myriaster"
"fish","Actinopterygii","Beloniformes","Scomberesocidae","Cololabis","saira","Cololabis saira"
"fish","Actinopterygii","Gadiformes","Moridae","Salilota","australis","Salilota australis"
"fish","Actinopterygii","Gadiformes","Gadidae","Gadus","macrocephalus","Gadus macrocephalus"
"fish","Actinopterygii","Gadiformes","Phycidae","Urophycis","chuss","Urophycis chuss"
"fish","Actinopterygii","Gadiformes","Gadidae","Eleginus","gracilis","Eleginus gracilis"
"fish","Actinopterygii","Gadiformes","Gadidae","Microgadus","tomcod","Microgadus tomcod"
"fish","Actinopterygii","Gadiformes","Gadidae","Boreogadus","saida","Boreogadus saida"
"fish","Actinopterygii","Gadiformes","Gadidae","Micromesistius","australis","Micromesistius australis"
"fish","Actinopterygii","Gadiformes","Merlucciidae","Merluccius","senegalensis","Merluccius senegalensis"
"fish","Actinopterygii","Gadiformes","Merlucciidae","Merluccius","australis","Merluccius australis"
"fish","Actinopterygii","Gadiformes","Merlucciidae","Merluccius","bilinearis","Merluccius bilinearis"
"fish","Actinopterygii","Gadiformes","Merlucciidae","Merluccius","hubbsi","Merluccius hubbsi"
"fish","Actinopterygii","Gadiformes","Merlucciidae","Merluccius","productus","Merluccius productus"
"fish","Actinopterygii","Gadiformes","Merlucciidae","Merluccius","polli","Merluccius polli"
"fish","Actinopterygii","Gadiformes","Merlucciidae","Macruronus","magellanicus","Macruronus magellanicus"
"fish","Actinopterygii","Gadiformes","Macrouridae","Macrourus","berglax","Macrourus berglax"
"fish","Actinopterygii","Gadiformes","Macrouridae","Coryphaenoides","rupestris","Coryphaenoides rupestris"
"fish","Actinopterygii","Beryciformes","Trachichthyidae","Hoplostethus","atlanticus","Hoplostethus atlanticus"
"fish","Actinopterygii","Zeiformes","Zeidae","Zenopsis","conchifer","Zenopsis conchifer"
"fish","Actinopterygii","Atheriniformes","Atherinopsidae","Menidia","menidia","Menidia menidia"
"fish","Actinopterygii","Perciformes","Polynemidae","Eleutheronema","tetradactylum","Eleutheronema tetradactylum"
"fish","Actinopterygii","Perciformes","Polynemidae","Galeoides","decadactylus","Galeoides decadactylus"
"fish","Actinopterygii","Perciformes","Polynemidae","Pentanemus","quinquarius","Pentanemus quinquarius"
"fish","Actinopterygii","Perciformes","Centropomidae","Centropomus","undecimalis","Centropomus undecimalis"
"fish","Actinopterygii","Perciformes","Latidae","Lates","calcarifer","Lates calcarifer"
"fish","Actinopterygii","Perciformes","Latidae","Lates","niloticus","Lates niloticus"
"fish","Actinopterygii","Perciformes","Polyprionidae","Polyprion","americanus","Polyprion americanus"
"fish","Actinopterygii","Perciformes","Serranidae","Acanthistius","brasilianus","Acanthistius brasilianus"
"fish","Actinopterygii","Perciformes","Serranidae","Paralabrax","humeralis","Paralabrax humeralis"
"fish","Actinopterygii","Perciformes","Moronidae","Morone","saxatilis","Morone saxatilis"
"fish","Actinopterygii","Perciformes","Priacanthidae","Priacanthus","macracanthus","Priacanthus macracanthus"
"fish","Actinopterygii","Perciformes","Serranidae","Centropristis","striata","Centropristis striata"
"fish","Actinopterygii","Perciformes","Malacanthidae","Lopholatilus","chamaeleonticeps","Lopholatilus chamaeleonticeps"
"fish","Actinopterygii","Perciformes","Lactariidae","Lactarius","lactarius","Lactarius lactarius"
"fish","Actinopterygii","Perciformes","Pomatomidae","Pomatomus","saltatrix","Pomatomus saltatrix"
"fish","Actinopterygii","Perciformes","Carangidae","Trachurus","japonicus","Trachurus japonicus"
"fish","Actinopterygii","Perciformes","Carangidae","Trachurus","murphyi","Trachurus murphyi"
"fish","Actinopterygii","Perciformes","Carangidae","Trachurus","symmetricus","Trachurus symmetricus"
"fish","Actinopterygii","Perciformes","Carangidae","Trachurus","lathami","Trachurus lathami"
"fish","Actinopterygii","Perciformes","Carangidae","Trachurus","trecae","Trachurus trecae"
"fish","Actinopterygii","Perciformes","Carangidae","Trachurus","declivis","Trachurus declivis"
"fish","Actinopterygii","Perciformes","Carangidae","Decapterus","russelli","Decapterus russelli"
"fish","Actinopterygii","Perciformes","Carangidae","Selene","setapinnis","Selene setapinnis"
"fish","Actinopterygii","Perciformes","Carangidae","Selene","dorsalis","Selene dorsalis"
"fish","Actinopterygii","Perciformes","Carangidae","Trachinotus","carolinus","Trachinotus carolinus"
"fish","Actinopterygii","Perciformes","Carangidae","Seriola","quinqueradiata","Seriola quinqueradiata"
"fish","Actinopterygii","Perciformes","Carangidae","Seriola","lalandi","Seriola lalandi"
"fish","Actinopterygii","Perciformes","Carangidae","Megalaspis","cordyla","Megalaspis cordyla"
"fish","Actinopterygii","Perciformes","Carangidae","Chloroscombrus","chrysurus","Chloroscombrus chrysurus"
"fish","Actinopterygii","Perciformes","Carangidae","Parona","signata","Parona signata"
"fish","Actinopterygii","Perciformes","Carangidae","Selar","crumenophthalmus","Selar crumenophthalmus"
"fish","Actinopterygii","Perciformes","Carangidae","Selaroides","leptolepis","Selaroides leptolepis"
"fish","Actinopterygii","Perciformes","Menidae","Mene","maculata","Mene maculata"
"fish","Actinopterygii","Perciformes","Bramidae","Brama","brama","Brama brama"
"fish","Actinopterygii","Perciformes","Arripidae","Arripis","georgianus","Arripis georgianus"
"fish","Actinopterygii","Perciformes","Moronidae","Dicentrarchus","punctatus","Dicentrarchus punctatus"
"fish","Actinopterygii","Perciformes","Nemipteridae","Nemipterus","virgatus","Nemipterus virgatus"
"fish","Actinopterygii","Perciformes","Haemulidae","Plectorhinchus","mediterraneus","Plectorhinchus mediterraneus"
"fish","Actinopterygii","Perciformes","Haemulidae","Pomadasys","argenteus","Pomadasys argenteus"
"fish","Actinopterygii","Perciformes","Haemulidae","Brachydeuterus","auritus","Brachydeuterus auritus"
"fish","Actinopterygii","Perciformes","Haemulidae","Conodon","nobilis","Conodon nobilis"
"fish","Actinopterygii","Perciformes","Sciaenidae","Cynoscion","nebulosus","Cynoscion nebulosus"
"fish","Actinopterygii","Perciformes","Sciaenidae","Cynoscion","regalis","Cynoscion regalis"
"fish","Actinopterygii","Perciformes","Sciaenidae","Cynoscion","striatus","Cynoscion striatus"
"fish","Actinopterygii","Perciformes","Sciaenidae","Micropogonias","undulatus","Micropogonias undulatus"
"fish","Actinopterygii","Perciformes","Sciaenidae","Menticirrhus","saxatilis","Menticirrhus saxatilis"
"fish","Actinopterygii","Perciformes","Sciaenidae","Menticirrhus","littoralis","Menticirrhus littoralis"
"fish","Actinopterygii","Perciformes","Carangidae","Elagatis","bipinnulata","Elagatis bipinnulata"
"fish","Actinopterygii","Perciformes","Sciaenidae","Umbrina","canosai","Umbrina canosai"
"fish","Actinopterygii","Perciformes","Sciaenidae","Larimichthys","polyactis","Larimichthys polyactis"
"fish","Actinopterygii","Perciformes","Sciaenidae","Macrodon","ancylodon","Macrodon ancylodon"
"fish","Actinopterygii","Perciformes","Sciaenidae","Argyrosomus","regius","Argyrosomus regius"
"fish","Actinopterygii","Perciformes","Sciaenidae","Argyrosomus","hololepidotus","Argyrosomus hololepidotus"
"fish","Actinopterygii","Perciformes","Sciaenidae","Atractoscion","aequidens","Atractoscion aequidens"
"fish","Actinopterygii","Perciformes","Sciaenidae","Genyonemus","lineatus","Genyonemus lineatus"
"fish","Actinopterygii","Perciformes","Sciaenidae","Pteroscion","peli","Pteroscion peli"
"fish","Actinopterygii","Perciformes","Sciaenidae","Paralonchurus","peruanus","Paralonchurus peruanus"
"fish","Actinopterygii","Perciformes","Sciaenidae","Pogonias","cromis","Pogonias cromis"
"fish","Actinopterygii","Perciformes","Serranidae","Epinephelus","aeneus","Epinephelus aeneus"
"fish","Actinopterygii","Perciformes","Sciaenidae","Larimichthys","crocea","Larimichthys crocea"
"fish","Actinopterygii","Perciformes","Sciaenidae","Leiostomus","xanthurus","Leiostomus xanthurus"
"fish","Actinopterygii","Perciformes","Sciaenidae","Pseudotolithus","senegalensis","Pseudotolithus senegalensis"
"fish","Actinopterygii","Perciformes","Sciaenidae","Pseudotolithus","elongatus","Pseudotolithus elongatus"
"fish","Actinopterygii","Perciformes","Sciaenidae","Pennahia","argentata","Pennahia argentata"
"fish","Actinopterygii","Perciformes","Sparidae","Pagellus","bellottii","Pagellus bellottii"
"fish","Actinopterygii","Perciformes","Sparidae","Dentex","macrophthalmus","Dentex macrophthalmus"
"fish","Actinopterygii","Perciformes","Sparidae","Dentex","dentex","Dentex dentex"
"fish","Actinopterygii","Perciformes","Sparidae","Dentex","angolensis","Dentex angolensis"
"fish","Actinopterygii","Perciformes","Sparidae","Archosargus","probatocephalus","Archosargus probatocephalus"
"fish","Actinopterygii","Perciformes","Sparidae","Argyrops","spinifer","Argyrops spinifer"
"fish","Actinopterygii","Perciformes","Sparidae","Argyrozona","argyrozona","Argyrozona argyrozona"
"fish","Actinopterygii","Perciformes","Sparidae","Cheimerius","nufar","Cheimerius nufar"
"fish","Actinopterygii","Perciformes","Sparidae","Pagrus","major","Pagrus major"
"fish","Actinopterygii","Perciformes","Sparidae","Petrus","rupestris","Petrus rupestris"
"fish","Actinopterygii","Perciformes","Sparidae","Pterogymnus","laniarius","Pterogymnus laniarius"
"fish","Actinopterygii","Perciformes","Sparidae","Rhabdosargus","globiceps","Rhabdosargus globiceps"
"fish","Actinopterygii","Perciformes","Sparidae","Stenotomus","chrysops","Stenotomus chrysops"
"fish","Actinopterygii","Perciformes","Mullidae","Pseudupeneus","prayensis","Pseudupeneus prayensis"
"fish","Actinopterygii","Perciformes","Drepaneidae","Drepane","punctata","Drepane punctata"
"fish","Actinopterygii","Perciformes","Drepaneidae","Drepane","africana","Drepane africana"
"fish","Actinopterygii","Perciformes","Labridae","Tautoga","onitis","Tautoga onitis"
"fish","Actinopterygii","Perciformes","Cheilodactylidae","Nemadactylus","bergi","Nemadactylus bergi"
"fish","Actinopterygii","Perciformes","Trichodontidae","Arctoscopus","japonicus","Arctoscopus japonicus"
"fish","Actinopterygii","Perciformes","Pinguipedidae","Parapercis","colias","Parapercis colias"
"fish","Actinopterygii","Perciformes","Percophidae","Percophis","brasiliensis","Percophis brasiliensis"
"fish","Actinopterygii","Perciformes","Eleginopsidae","Eleginops","maclovinus","Eleginops maclovinus"
"fish","Actinopterygii","Perciformes","Nototheniidae","Dissostichus","eleginoides","Dissostichus eleginoides"
"fish","Actinopterygii","Perciformes","Channichthyidae","Champsocephalus","gunnari","Champsocephalus gunnari"
"fish","Actinopterygii","Perciformes","Channichthyidae","Channichthys","rhinoceratus","Channichthys rhinoceratus"
"fish","Actinopterygii","Perciformes","Zoarcidae","Zoarces","viviparus","Zoarces viviparus"
"fish","Actinopterygii","Gadiformes","Gadidae","Trisopterus","minutus","Trisopterus minutus"
"fish","Actinopterygii","Ophidiiformes","Ophidiidae","Genypterus","blacodes","Genypterus blacodes"
"fish","Actinopterygii","Ophidiiformes","Ophidiidae","Genypterus","maculatus","Genypterus maculatus"
"fish","Actinopterygii","Ophidiiformes","Ophidiidae","Genypterus","capensis","Genypterus capensis"
"fish","Actinopterygii","Ophidiiformes","Ophidiidae","Brotula","barbata","Brotula barbata"
"fish","Actinopterygii","Perciformes","Ammodytidae","Ammodytes","personatus","Ammodytes personatus"
"fish","Actinopterygii","Perciformes","Gempylidae","Thyrsites","atun","Thyrsites atun"
"fish","Actinopterygii","Perciformes","Stromateidae","Pampus","argenteus","Pampus argenteus"
"fish","Actinopterygii","Perciformes","Centrolophidae","Hyperoglyphe","antarctica","Hyperoglyphe antarctica"
"fish","Actinopterygii","Perciformes","Centrolophidae","Psenopsis","anomala","Psenopsis anomala"
"fish","Actinopterygii","Scorpaeniformes","Sebastidae","Sebastes","norvegicus","Sebastes norvegicus"
"fish","Actinopterygii","Scorpaeniformes","Sebastidae","Sebastes","entomelas","Sebastes entomelas"
"fish","Actinopterygii","Scorpaeniformes","Sebastidae","Sebastes","flavidus","Sebastes flavidus"
"fish","Actinopterygii","Scorpaeniformes","Sebastidae","Sebastes","alutus","Sebastes alutus"
"fish","Actinopterygii","Scorpaeniformes","Triglidae","Chelidonichthys","kumu","Chelidonichthys kumu"
"fish","Actinopterygii","Scorpaeniformes","Triglidae","Pterygotrigla","polyommata","Pterygotrigla polyommata"
"fish","Actinopterygii","Scorpaeniformes","Hexagrammidae","Ophiodon","elongatus","Ophiodon elongatus"
"fish","Actinopterygii","Scorpaeniformes","Hexagrammidae","Pleurogrammus","azonus","Pleurogrammus azonus"
"fish","Actinopterygii","Scorpaeniformes","Anoplopomatidae","Anoplopoma","fimbria","Anoplopoma fimbria"
"fish","Actinopterygii","Pleuronectiformes","Psettodidae","Psettodes","erumei","Psettodes erumei"
"fish","Actinopterygii","Pleuronectiformes","Pleuronectidae","Reinhardtius","hippoglossoides","Reinhardtius hippoglossoides"
"fish","Actinopterygii","Pleuronectiformes","Pleuronectidae","Atheresthes","stomias","Atheresthes stomias"
"fish","Actinopterygii","Pleuronectiformes","Pleuronectidae","Atheresthes","evermanni","Atheresthes evermanni"
"fish","Actinopterygii","Pleuronectiformes","Pleuronectidae","Hippoglossoides","elassodon","Hippoglossoides elassodon"
"fish","Actinopterygii","Pleuronectiformes","Pleuronectidae","Limanda","aspera","Limanda aspera"
"fish","Actinopterygii","Pleuronectiformes","Pleuronectidae","Limanda","ferruginea","Limanda ferruginea"
"fish","Actinopterygii","Pleuronectiformes","Pleuronectidae","Pseudopleuronectes","americanus","Pseudopleuronectes americanus"
"fish","Actinopterygii","Pleuronectiformes","Soleidae","Solea","solea","Solea solea"
"fish","Actinopterygii","Pleuronectiformes","Soleidae","Dicologlossa","cuneata","Dicologlossa cuneata"
"fish","Actinopterygii","Pleuronectiformes","Soleidae","Austroglossus","microlepis","Austroglossus microlepis"
"fish","Actinopterygii","Pleuronectiformes","Soleidae","Austroglossus","pectoralis","Austroglossus pectoralis"
"fish","Actinopterygii","Pleuronectiformes","Scophthalmidae","Scophthalmus","rhombus","Scophthalmus rhombus"
"fish","Actinopterygii","Pleuronectiformes","Scophthalmidae","Scophthalmus","aquosus","Scophthalmus aquosus"
"fish","Actinopterygii","Tetraodontiformes","Monacanthidae","Stephanolepis","cirrhifer","Stephanolepis cirrhifer"
"fish","Actinopterygii","Lophiiformes","Lophiidae","Lophius","americanus","Lophius americanus"
"fish","Actinopterygii","Clupeiformes","Engraulidae","Cetengraulis","edentulus","Cetengraulis edentulus"
"fish","Actinopterygii","Clupeiformes","Engraulidae","Cetengraulis","mysticetus","Cetengraulis mysticetus"
"fish","Actinopterygii","Clupeiformes","Engraulidae","Encrasicholina","punctifer","Encrasicholina punctifer"
"fish","Actinopterygii","Perciformes","Labridae","Labrus","bergylta","Labrus bergylta"
"fish","Elasmobranchii","Hexanchiformes","Hexanchidae","Hexanchus","griseus","Hexanchus griseus"
"fish","Actinopterygii","Perciformes","Trichiuridae","Lepidopus","caudatus","Lepidopus caudatus"
"fish","Actinopterygii","Perciformes","Trichiuridae","Aphanopus","carbo","Aphanopus carbo"
"fish","Elasmobranchii","Squaliformes","Centrophoridae","Centrophorus","granulosus","Centrophorus granulosus"
"fish","Elasmobranchii","Squaliformes","Centrophoridae","Centrophorus","squamosus","Centrophorus squamosus"
"fish","Elasmobranchii","Squaliformes","Dalatiidae","Dalatias","licha","Dalatias licha"
"fish","Elasmobranchii","Squaliformes","Etmopteridae","Etmopterus","spinax","Etmopterus spinax"
"fish","Actinopterygii","Perciformes","Carangidae","Lichia","amia","Lichia amia"
"fish","Actinopterygii","Pleuronectiformes","Pleuronectidae","Limanda","limanda","Limanda limanda"
"fish","Actinopterygii","Perciformes","Sparidae","Lithognathus","mormyrus","Lithognathus mormyrus"
"fish","Actinopterygii","Lophiiformes","Lophiidae","Lophius","piscatorius","Lophius piscatorius"
"fish","Elasmobranchii","Squaliformes","Oxynotidae","Oxynotus","centrina","Oxynotus centrina"
"fish","Elasmobranchii","Squatiniformes","Squatinidae","Squatina","argentina","Squatina argentina"
"fish","Elasmobranchii","Squatiniformes","Squatinidae","Squatina","californica","Squatina californica"
"fish","Elasmobranchii","Lamniformes","Lamnidae","Isurus","oxyrinchus","Isurus oxyrinchus"
"fish","Actinopterygii","Mugiliformes","Mugilidae","Mugil","cephalus","Mugil cephalus"
"fish","Elasmobranchii","Carcharhiniformes","Scyliorhinidae","Cephaloscyllium","isabellum","Cephaloscyllium isabellum"
"fish","Elasmobranchii","Carcharhiniformes","Scyliorhinidae","Galeus","melastomus","Galeus melastomus"
"fish","Actinopterygii","Perciformes","Sparidae","Oblada","melanura","Oblada melanura"
"fish","Elasmobranchii","Carcharhiniformes","Scyliorhinidae","Scyliorhinus","stellaris","Scyliorhinus stellaris"
"fish","Elasmobranchii","Carcharhiniformes","Carcharhinidae","Carcharhinus","brachyurus","Carcharhinus brachyurus"
"fish","Elasmobranchii","Carcharhiniformes","Carcharhinidae","Carcharhinus","falciformis","Carcharhinus falciformis"
"fish","Elasmobranchii","Carcharhiniformes","Carcharhinidae","Carcharhinus","limbatus","Carcharhinus limbatus"
"fish","Elasmobranchii","Carcharhiniformes","Carcharhinidae","Carcharhinus","longimanus","Carcharhinus longimanus"
"fish","Elasmobranchii","Carcharhiniformes","Carcharhinidae","Carcharhinus","sorrah","Carcharhinus sorrah"
"fish","Elasmobranchii","Carcharhiniformes","Carcharhinidae","Galeocerdo","cuvier","Galeocerdo cuvier"
"fish","Actinopterygii","Perciformes","Sparidae","Pagellus","acarne","Pagellus acarne"
"fish","Actinopterygii","Perciformes","Sparidae","Pagellus","bogaraveo","Pagellus bogaraveo"
"fish","Actinopterygii","Perciformes","Sparidae","Pagellus","erythrinus","Pagellus erythrinus"
"fish","Elasmobranchii","Carcharhiniformes","Carcharhinidae","Prionace","glauca","Prionace glauca"
"fish","Elasmobranchii","Carcharhiniformes","Sphyrnidae","Sphyrna","lewini","Sphyrna lewini"
"fish","Elasmobranchii","Carcharhiniformes","Sphyrnidae","Sphyrna","zygaena","Sphyrna zygaena"
"fish","Actinopterygii","Perciformes","Sciaenidae","Atrobucca","nibe","Atrobucca nibe"
"fish","Actinopterygii","Scorpaeniformes","Platycephalidae","Platycephalus","indicus","Platycephalus indicus"
"fish","Actinopterygii","Batrachoidiformes","Batrachoididae","Amphichthys","cryptocentrus","Amphichthys cryptocentrus"
"fish","Actinopterygii","Beloniformes","Belonidae","Ablennes","hians","Ablennes hians"
"fish","Actinopterygii","Perciformes","Malacanthidae","Caulolatilus","microps","Caulolatilus microps"
"fish","Actinopterygii","Perciformes","Carangidae","Naucrates","ductor","Naucrates ductor"
"fish","Actinopterygii","Perciformes","Carangidae","Pseudocaranx","dentex","Pseudocaranx dentex"
"fish","Actinopterygii","Perciformes","Carangidae","Seriola","dumerili","Seriola dumerili"
"fish","Actinopterygii","Perciformes","Carangidae","Seriola","rivoliana","Seriola rivoliana"
"fish","Actinopterygii","Perciformes","Carangidae","Trachinotus","goodei","Trachinotus goodei"
"fish","Actinopterygii","Scorpaeniformes","Dactylopteridae","Dactylopterus","volitans","Dactylopterus volitans"
"fish","Actinopterygii","Gadiformes","Gadidae","Trisopterus","esmarkii","Trisopterus esmarkii"
"fish","Actinopterygii","Perciformes","Ephippidae","Chaetodipterus","faber","Chaetodipterus faber"
"fish","Actinopterygii","Perciformes","Gempylidae","Lepidocybium","flavobrunneum","Lepidocybium flavobrunneum"
"fish","Actinopterygii","Clupeiformes","Clupeidae","Sardinella","aurita","Sardinella aurita"
"fish","Actinopterygii","Perciformes","Gempylidae","Ruvettus","pretiosus","Ruvettus pretiosus"
"fish","Actinopterygii","Clupeiformes","Clupeidae","Sardinella","maderensis","Sardinella maderensis"
"fish","Actinopterygii","Aulopiformes","Synodontidae","Saurida","undosquamis","Saurida undosquamis"
"fish","Actinopterygii","Beloniformes","Hemiramphidae","Hemiramphus","balao","Hemiramphus balao"
"fish","Actinopterygii","Beloniformes","Hemiramphidae","Hemiramphus","brasiliensis","Hemiramphus brasiliensis"
"fish","Actinopterygii","Perciformes","Labridae","Lachnolaimus","maximus","Lachnolaimus maximus"
"fish","Actinopterygii","Lampriformes","Lampridae","Lampris","guttatus","Lampris guttatus"
"fish","Actinopterygii","Lophiiformes","Lophiidae","Lophius","gastrophysus","Lophius gastrophysus"
"fish","Actinopterygii","Elopiformes","Megalopidae","Megalops","atlanticus","Megalops atlanticus"
"fish","Actinopterygii","Gadiformes","Merlucciidae","Merluccius","albidus","Merluccius albidus"
"fish","Actinopterygii","Mugiliformes","Mugilidae","Mugil","curema","Mugil curema"
"fish","Actinopterygii","Mugiliformes","Mugilidae","Mugil","liza","Mugil liza"
"fish","Actinopterygii","Perciformes","Haemulidae","Haemulon","plumierii","Haemulon plumierii"
"fish","Actinopterygii","Clupeiformes","Engraulidae","Anchoa","nasus","Anchoa nasus"
"fish","Actinopterygii","Perciformes","Sparidae","Sparus","aurata","Sparus aurata"
"fish","Actinopterygii","Perciformes","Sciaenidae","Cynoscion","acoupa","Cynoscion acoupa"
"fish","Actinopterygii","Perciformes","Sciaenidae","Cynoscion","arenarius","Cynoscion arenarius"
"fish","Actinopterygii","Perciformes","Sciaenidae","Cynoscion","leiarchus","Cynoscion leiarchus"
"fish","Actinopterygii","Perciformes","Sciaenidae","Cynoscion","virescens","Cynoscion virescens"
"fish","Actinopterygii","Perciformes","Sciaenidae","Isopisthus","parvipinnis","Isopisthus parvipinnis"
"fish","Actinopterygii","Perciformes","Sciaenidae","Larimus","breviceps","Larimus breviceps"
"fish","Actinopterygii","Perciformes","Sciaenidae","Sciaenops","ocellatus","Sciaenops ocellatus"
"fish","Actinopterygii","Perciformes","Stromateidae","Stromateus","fiatola","Stromateus fiatola"
"fish","Actinopterygii","Perciformes","Serranidae","Hyporthodus","flavolimbatus","Hyporthodus flavolimbatus"
"fish","Actinopterygii","Perciformes","Serranidae","Hyporthodus","mystacinus","Hyporthodus mystacinus"
"fish","Actinopterygii","Perciformes","Serranidae","Hyporthodus","nigritus","Hyporthodus nigritus"
"fish","Actinopterygii","Perciformes","Serranidae","Hyporthodus","niveatus","Hyporthodus niveatus"
"fish","Actinopterygii","Perciformes","Serranidae","Mycteroperca","bonaci","Mycteroperca bonaci"
"fish","Actinopterygii","Perciformes","Serranidae","Mycteroperca","microlepis","Mycteroperca microlepis"
"fish","Actinopterygii","Perciformes","Serranidae","Mycteroperca","phenax","Mycteroperca phenax"
"fish","Actinopterygii","Perciformes","Sphyraenidae","Sphyraena","barracuda","Sphyraena barracuda"
"fish","Actinopterygii","Perciformes","Acanthuridae","Naso","unicornis","Naso unicornis"
"fish","Actinopterygii","Perciformes","Carangidae","Trachurus","mediterraneus","Trachurus mediterraneus"
"fish","Actinopterygii","Perciformes","Trichiuridae","Trichiurus","lepturus","Trichiurus lepturus"
"fish","Actinopterygii","Perciformes","Ariommatidae","Ariomma","indicum","Ariomma indicum"
"fish","Actinopterygii","Perciformes","Sciaenidae","Umbrina","cirrosa","Umbrina cirrosa"
"fish","Actinopterygii","Beryciformes","Berycidae","Beryx","decadactylus","Beryx decadactylus"
"fish","Actinopterygii","Beryciformes","Berycidae","Beryx","splendens","Beryx splendens"
"fish","Actinopterygii","Pleuronectiformes","Bothidae","Bothus","pantherinus","Bothus pantherinus"
"fish","Actinopterygii","Perciformes","Mullidae","Mullus","surmuletus","Mullus surmuletus"
"fish","Actinopterygii","Pleuronectiformes","Soleidae","Pegusa","lascaris","Pegusa lascaris"
"fish","Actinopterygii","Pleuronectiformes","Paralichthyidae","Paralichthys","dentatus","Paralichthys dentatus"
"fish","Actinopterygii","Gadiformes","Phycidae","Phycis","blennoides","Phycis blennoides"
"fish","Actinopterygii","Pleuronectiformes","Pleuronectidae","Platichthys","flesus","Platichthys flesus"
"fish","Actinopterygii","Pleuronectiformes","Pleuronectidae","Pleuronectes","platessa","Pleuronectes platessa"
"fish","Actinopterygii","Gadiformes","Gadidae","Pollachius","virens","Pollachius virens"
"fish","Actinopterygii","Pleuronectiformes","Scophthalmidae","Scophthalmus","maximus","Scophthalmus maximus"
"fish","Actinopterygii","Clupeiformes","Clupeidae","Sardina","pilchardus","Sardina pilchardus"
"fish","Actinopterygii","Pleuronectiformes","Paralichthyidae","Paralichthys","olivaceus","Paralichthys olivaceus"
"fish","Actinopterygii","Perciformes","Serranidae","Serranus","cabrilla","Serranus cabrilla"
"fish","Actinopterygii","Perciformes","Sparidae","Spondyliosoma","cantharus","Spondyliosoma cantharus"
"fish","Actinopterygii","Clupeiformes","Clupeidae","Sprattus","sprattus","Sprattus sprattus"
"fish","Actinopterygii","Perciformes","Trachinidae","Trachinus","draco","Trachinus draco"
"fish","Actinopterygii","Perciformes","Carangidae","Trachurus","trachurus","Trachurus trachurus"
"fish","Actinopterygii","Scorpaeniformes","Triglidae","Chelidonichthys","lucerna","Chelidonichthys lucerna"
"fish","Actinopterygii","Gadiformes","Gadidae","Trisopterus","luscus","Trisopterus luscus"
"fish","Actinopterygii","Zeiformes","Zeidae","Zeus","faber","Zeus faber"
"fish","Actinopterygii","Pleuronectiformes","Pleuronectidae","Hippoglossus","hippoglossus","Hippoglossus hippoglossus"
"fish","Actinopterygii","Gadiformes","Gadidae","Melanogrammus","aeglefinus","Melanogrammus aeglefinus"
"fish","Actinopterygii","Pleuronectiformes","Pleuronectidae","Microstomus","kitt","Microstomus kitt"
"fish","Actinopterygii","Gadiformes","Lotidae","Molva","dypterygia","Molva dypterygia"
"fish","Actinopterygii","Perciformes","Cichlidae","Oreochromis","aureus","Oreochromis aureus"
"fish","Actinopterygii","Perciformes","Lutjanidae","Hoplopagrus","guentherii","Hoplopagrus guentherii"
"fish","Actinopterygii","Perciformes","Lutjanidae","Lutjanus","analis","Lutjanus analis"
"fish","Actinopterygii","Perciformes","Lutjanidae","Lutjanus","erythropterus","Lutjanus erythropterus"
"fish","Actinopterygii","Perciformes","Lutjanidae","Lutjanus","argentimaculatus","Lutjanus argentimaculatus"
"fish","Actinopterygii","Perciformes","Lutjanidae","Lutjanus","argentiventris","Lutjanus argentiventris"
"fish","Actinopterygii","Perciformes","Cichlidae","Sarotherodon","melanotheron","Sarotherodon melanotheron"
"fish","Actinopterygii","Perciformes","Cichlidae","Oreochromis","spilurus","Oreochromis spilurus"
"fish","Actinopterygii","Perciformes","Lutjanidae","Lutjanus","bohar","Lutjanus bohar"
"fish","Actinopterygii","Perciformes","Lutjanidae","Lutjanus","buccanella","Lutjanus buccanella"
"fish","Actinopterygii","Perciformes","Lutjanidae","Lutjanus","campechanus","Lutjanus campechanus"
"fish","Actinopterygii","Perciformes","Lutjanidae","Lutjanus","cyanopterus","Lutjanus cyanopterus"
"fish","Actinopterygii","Perciformes","Lutjanidae","Lutjanus","goldiei","Lutjanus goldiei"
"fish","Actinopterygii","Clupeiformes","Chirocentridae","Chirocentrus","nudus","Chirocentrus nudus"
"fish","Actinopterygii","Clupeiformes","Dussumieriidae","Dussumieria","acuta","Dussumieria acuta"
"fish","Actinopterygii","Clupeiformes","Dussumieriidae","Dussumieria","elopsoides","Dussumieria elopsoides"
"fish","Actinopterygii","Clupeiformes","Dussumieriidae","Etrumeus","whiteheadi","Etrumeus whiteheadi"
"fish","Actinopterygii","Clupeiformes","Clupeidae","Sprattus","fuegensis","Sprattus fuegensis"
"fish","Actinopterygii","Clupeiformes","Clupeidae","Sardinops","sagax","Sardinops sagax"
"fish","Actinopterygii","Clupeiformes","Clupeidae","Herklotsichthys","quadrimaculatus","Herklotsichthys quadrimaculatus"
"fish","Actinopterygii","Clupeiformes","Clupeidae","Amblygaster","sirm","Amblygaster sirm"
"fish","Actinopterygii","Clupeiformes","Clupeidae","Sardinella","brasiliensis","Sardinella brasiliensis"
"fish","Actinopterygii","Clupeiformes","Clupeidae","Sardinella","gibbosa","Sardinella gibbosa"
"fish","Actinopterygii","Clupeiformes","Clupeidae","Sardinella","lemuru","Sardinella lemuru"
"fish","Actinopterygii","Clupeiformes","Clupeidae","Sardinella","longiceps","Sardinella longiceps"
"fish","Actinopterygii","Clupeiformes","Clupeidae","Sardinella","zunasi","Sardinella zunasi"
"fish","Actinopterygii","Clupeiformes","Clupeidae","Alosa","pseudoharengus","Alosa pseudoharengus"
"fish","Actinopterygii","Clupeiformes","Clupeidae","Alosa","sapidissima","Alosa sapidissima"
"fish","Actinopterygii","Clupeiformes","Clupeidae","Brevoortia","aurea","Brevoortia aurea"
"fish","Actinopterygii","Clupeiformes","Clupeidae","Brevoortia","patronus","Brevoortia patronus"
"fish","Actinopterygii","Clupeiformes","Clupeidae","Brevoortia","tyrannus","Brevoortia tyrannus"
"fish","Actinopterygii","Clupeiformes","Clupeidae","Ethmidium","maculatum","Ethmidium maculatum"
"fish","Actinopterygii","Clupeiformes","Clupeidae","Ethmalosa","fimbriata","Ethmalosa fimbriata"
"fish","Actinopterygii","Clupeiformes","Clupeidae","Hilsa","kelee","Hilsa kelee"
"fish","Actinopterygii","Clupeiformes","Clupeidae","Tenualosa","ilisha","Tenualosa ilisha"
"fish","Actinopterygii","Clupeiformes","Clupeidae","Tenualosa","toli","Tenualosa toli"
"fish","Actinopterygii","Clupeiformes","Clupeidae","Clupanodon","thrissa","Clupanodon thrissa"
"fish","Actinopterygii","Clupeiformes","Clupeidae","Konosirus","punctatus","Konosirus punctatus"
"fish","Actinopterygii","Clupeiformes","Clupeidae","Nematalosa","nasus","Nematalosa nasus"
"fish","Actinopterygii","Clupeiformes","Clupeidae","Anodontostoma","chacunda","Anodontostoma chacunda"
"fish","Actinopterygii","Clupeiformes","Pristigasteridae","Ilisha","africana","Ilisha africana"
"fish","Actinopterygii","Clupeiformes","Pristigasteridae","Ilisha","elongata","Ilisha elongata"
"fish","Actinopterygii","Clupeiformes","Pristigasteridae","Pellona","ditchela","Pellona ditchela"
"fish","Actinopterygii","Clupeiformes","Engraulidae","Engraulis","anchoita","Engraulis anchoita"
"fish","Actinopterygii","Clupeiformes","Engraulidae","Engraulis","japonicus","Engraulis japonicus"
"fish","Actinopterygii","Clupeiformes","Engraulidae","Engraulis","mordax","Engraulis mordax"
"fish","Actinopterygii","Atheriniformes","Atherinidae","Atherina","boyeri","Atherina boyeri"
"fish","Actinopterygii","Anguilliformes","Muraenidae","Muraena","helena","Muraena helena"
"fish","Actinopterygii","Gadiformes","Moridae","Mora","moro","Mora moro"
"fish","Actinopterygii","Mugiliformes","Mugilidae","Chelon","auratus","Chelon auratus"
"fish","Actinopterygii","Mugiliformes","Mugilidae","Chelon","saliens","Chelon saliens"
"fish","Actinopterygii","Gadiformes","Phycidae","Phycis","phycis","Phycis phycis"
"fish","Actinopterygii","Perciformes","Sparidae","Diplodus","puntazzo","Diplodus puntazzo"
"fish","Actinopterygii","Perciformes","Sparidae","Diplodus","annularis","Diplodus annularis"
"fish","Actinopterygii","Perciformes","Sparidae","Diplodus","sargus","Diplodus sargus"
"fish","Actinopterygii","Perciformes","Sparidae","Diplodus","vulgaris","Diplodus vulgaris"
"fish","Actinopterygii","Perciformes","Sparidae","Pagrus","pagrus","Pagrus pagrus"
"fish","Actinopterygii","Perciformes","Sphyraenidae","Sphyraena","sphyraena","Sphyraena sphyraena"
"fish","Actinopterygii","Perciformes","Uranoscopidae","Uranoscopus","scaber","Uranoscopus scaber"
"fish","Actinopterygii","Perciformes","Istiophoridae","Tetrapturus","belone","Tetrapturus belone"
"fish","Actinopterygii","Gadiformes","Merlucciidae","Macruronus","novaezelandiae","Macruronus novaezelandiae"
"fish","Actinopterygii","Gadiformes","Merlucciidae","Merluccius","paradoxus","Merluccius paradoxus"
"fish","Actinopterygii","Gadiformes","Merlucciidae","Merluccius","capensis","Merluccius capensis"
"fish","Actinopterygii","Perciformes","Lethrinidae","Lethrinus","mahsena","Lethrinus mahsena"
"fish","Actinopterygii","Perciformes","Lethrinidae","Lethrinus","borbonicus","Lethrinus borbonicus"
"fish","Actinopterygii","Perciformes","Lethrinidae","Lethrinus","microdon","Lethrinus microdon"
"fish","Actinopterygii","Perciformes","Lethrinidae","Lethrinus","nebulosus","Lethrinus nebulosus"
"fish","Actinopterygii","Perciformes","Lethrinidae","Lethrinus","obsoletus","Lethrinus obsoletus"
"fish","Actinopterygii","Perciformes","Lethrinidae","Lethrinus","harak","Lethrinus harak"
"fish","Actinopterygii","Perciformes","Lethrinidae","Lethrinus","xanthochilus","Lethrinus xanthochilus"
"fish","Actinopterygii","Perciformes","Lethrinidae","Lethrinus","miniatus","Lethrinus miniatus"
"fish","Actinopterygii","Perciformes","Lethrinidae","Lethrinus","lentjan","Lethrinus lentjan"
"fish","Actinopterygii","Perciformes","Lethrinidae","Lethrinus","atlanticus","Lethrinus atlanticus"
"fish","Actinopterygii","Perciformes","Lethrinidae","Monotaxis","grandoculis","Monotaxis grandoculis"
"fish","Actinopterygii","Gadiformes","Gadidae","Gadiculus","argenteus","Gadiculus argenteus"
"fish","Actinopterygii","Perciformes","Carangidae","Alepes","djedaba","Alepes djedaba"
"fish","Actinopterygii","Perciformes","Carangidae","Atule","mate","Atule mate"
"fish","Actinopterygii","Perciformes","Carangidae","Caranx","ignobilis","Caranx ignobilis"
"fish","Actinopterygii","Perciformes","Carangidae","Caranx","rhonchus","Caranx rhonchus"
"fish","Actinopterygii","Perciformes","Carangidae","Caranx","melampygus","Caranx melampygus"
"fish","Actinopterygii","Perciformes","Carangidae","Caranx","sexfasciatus","Caranx sexfasciatus"
"fish","Actinopterygii","Perciformes","Carangidae","Caranx","ruber","Caranx ruber"
"fish","Actinopterygii","Perciformes","Carangidae","Carangoides","bajad","Carangoides bajad"
"fish","Actinopterygii","Perciformes","Carangidae","Carangoides","fulvoguttatus","Carangoides fulvoguttatus"
"fish","Actinopterygii","Perciformes","Carangidae","Caranx","crysos","Caranx crysos"
"fish","Actinopterygii","Perciformes","Carangidae","Chloroscombrus","orqueta","Chloroscombrus orqueta"
"fish","Actinopterygii","Perciformes","Carangidae","Decapterus","macrosoma","Decapterus macrosoma"
"fish","Actinopterygii","Perciformes","Carangidae","Decapterus","maruadsi","Decapterus maruadsi"
"fish","Actinopterygii","Perciformes","Carangidae","Parastromateus","niger","Parastromateus niger"
"fish","Actinopterygii","Perciformes","Carangidae","Scomberoides","commersonnianus","Scomberoides commersonnianus"
"fish","Actinopterygii","Perciformes","Carangidae","Scomberoides","lysan","Scomberoides lysan"
"fish","Actinopterygii","Perciformes","Carangidae","Scomberoides","tol","Scomberoides tol"
"fish","Actinopterygii","Perciformes","Carangidae","Selene","peruviana","Selene peruviana"
"fish","Actinopterygii","Perciformes","Carangidae","Seriolina","nigrofasciata","Seriolina nigrofasciata"
"fish","Actinopterygii","Perciformes","Carangidae","Trachinotus","blochii","Trachinotus blochii"
"fish","Actinopterygii","Perciformes","Carangidae","Trachinotus","mookalee","Trachinotus mookalee"
"fish","Actinopterygii","Gadiformes","Moridae","Antimora","rostrata","Antimora rostrata"
"fish","Actinopterygii","Gadiformes","Moridae","Pseudophycis","bachus","Pseudophycis bachus"
"fish","Elasmobranchii","Rajiformes","Rajidae","Dipturus","batis","Dipturus batis"
"fish","Elasmobranchii","Rajiformes","Rajidae","Raja","clavata","Raja clavata"
"fish","Elasmobranchii","Myliobatiformes","Dasyatidae","Dasyatis","pastinaca","Dasyatis pastinaca"
"fish","Actinopterygii","Acipenseriformes","Acipenseridae","Acipenser","stellatus","Acipenser stellatus"
"fish","Actinopterygii","Acipenseriformes","Acipenseridae","Huso","huso","Huso huso"
"fish","Actinopterygii","Siluriformes","Claroteidae","Chrysichthys","nigrodigitatus","Chrysichthys nigrodigitatus"
"fish","Actinopterygii","Perciformes","Cichlidae","Coptodon","guineensis","Coptodon guineensis"
"fish","Actinopterygii","Perciformes","Anarhichadidae","Anarhichas","lupus","Anarhichas lupus"
"fish","Holocephali","Chimaeriformes","Chimaeridae","Chimaera","monstrosa","Chimaera monstrosa"
"fish","Actinopterygii","Acipenseriformes","Acipenseridae","Acipenser","nudiventris","Acipenser nudiventris"
"fish","Actinopterygii","Perciformes","Epigonidae","Epigonus","telescopus","Epigonus telescopus"
"fish","Cephalaspidomorphi","Petromyzontiformes","Petromyzontidae","Petromyzon","marinus","Petromyzon marinus"
"fish","Elasmobranchii","Orectolobiformes","Ginglymostomatidae","Ginglymostoma","cirratum","Ginglymostoma cirratum"
"fish","Elasmobranchii","Lamniformes","Alopiidae","Alopias","superciliosus","Alopias superciliosus"
"fish","Elasmobranchii","Lamniformes","Alopiidae","Alopias","vulpinus","Alopias vulpinus"
"fish","Elasmobranchii","Rajiformes","Rajidae","Amblyraja","radiata","Amblyraja radiata"
"fish","Elasmobranchii","Myliobatiformes","Gymnuridae","Gymnura","altavela","Gymnura altavela"
"fish","Actinopterygii","Acipenseriformes","Acipenseridae","Acipenser","transmontanus","Acipenser transmontanus"
"fish","Actinopterygii","Osmeriformes","Argentinidae","Argentina","silus","Argentina silus"
"fish","Actinopterygii","Zeiformes","Zeidae","Zenopsis","nebulosa","Zenopsis nebulosa"
"fish","Actinopterygii","Lampriformes","Trachipteridae","Trachipterus","arcticus","Trachipterus arcticus"
"fish","Actinopterygii","Perciformes","Polyprionidae","Stereolepis","gigas","Stereolepis gigas"
"fish","Actinopterygii","Perciformes","Centrarchidae","Micropterus","salmoides","Micropterus salmoides"
"fish","Actinopterygii","Perciformes","Malacanthidae","Caulolatilus","princeps","Caulolatilus princeps"
"fish","Actinopterygii","Perciformes","Malacanthidae","Malacanthus","plumieri","Malacanthus plumieri"
"fish","Actinopterygii","Perciformes","Rachycentridae","Rachycentron","canadum","Rachycentron canadum"
"fish","Actinopterygii","Perciformes","Bramidae","Taractichthys","steindachneri","Taractichthys steindachneri"
"fish","Actinopterygii","Perciformes","Gerreidae","Diapterus","auratus","Diapterus auratus"
"fish","Actinopterygii","Perciformes","Sciaenidae","Atractoscion","nobilis","Atractoscion nobilis"
"fish","Actinopterygii","Perciformes","Labridae","Semicossyphus","pulcher","Semicossyphus pulcher"
"fish","Actinopterygii","Perciformes","Labridae","Tautogolabrus","adspersus","Tautogolabrus adspersus"
"fish","Actinopterygii","Perciformes","Anarhichadidae","Anarhichas","denticulatus","Anarhichas denticulatus"
"fish","Actinopterygii","Perciformes","Anarhichadidae","Anarhichas","minor","Anarhichas minor"
"fish","Actinopterygii","Perciformes","Eleotridae","Dormitator","latifrons","Dormitator latifrons"
"fish","Actinopterygii","Perciformes","Istiophoridae","Tetrapturus","angustirostris","Tetrapturus angustirostris"
"fish","Actinopterygii","Scorpaeniformes","Scorpaenidae","Scorpaena","guttata","Scorpaena guttata"
"fish","Actinopterygii","Scorpaeniformes","Sebastidae","Sebastes","aleutianus","Sebastes aleutianus"
"fish","Actinopterygii","Scorpaeniformes","Sebastidae","Sebastes","carnatus","Sebastes carnatus"
"fish","Actinopterygii","Scorpaeniformes","Sebastidae","Sebastes","chlorostictus","Sebastes chlorostictus"
"fish","Actinopterygii","Scorpaeniformes","Sebastidae","Sebastes","crameri","Sebastes crameri"
"fish","Actinopterygii","Scorpaeniformes","Sebastidae","Sebastes","diploproa","Sebastes diploproa"
"fish","Actinopterygii","Scorpaeniformes","Sebastidae","Sebastes","elongatus","Sebastes elongatus"
"fish","Actinopterygii","Scorpaeniformes","Sebastidae","Sebastes","fasciatus","Sebastes fasciatus"
"fish","Actinopterygii","Scorpaeniformes","Sebastidae","Sebastes","goodei","Sebastes goodei"
"fish","Actinopterygii","Scorpaeniformes","Sebastidae","Sebastes","jordani","Sebastes jordani"
"fish","Actinopterygii","Scorpaeniformes","Sebastidae","Sebastes","levis","Sebastes levis"
"fish","Actinopterygii","Scorpaeniformes","Sebastidae","Sebastes","melanops","Sebastes melanops"
"fish","Actinopterygii","Scorpaeniformes","Sebastidae","Sebastes","mystinus","Sebastes mystinus"
"fish","Actinopterygii","Scorpaeniformes","Sebastidae","Sebastes","paucispinis","Sebastes paucispinis"
"fish","Actinopterygii","Scorpaeniformes","Sebastidae","Sebastes","pinniger","Sebastes pinniger"
"fish","Actinopterygii","Scorpaeniformes","Sebastidae","Sebastes","polyspinis","Sebastes polyspinis"
"fish","Actinopterygii","Scorpaeniformes","Sebastidae","Sebastes","ruberrimus","Sebastes ruberrimus"
"fish","Actinopterygii","Scorpaeniformes","Sebastidae","Sebastolobus","alascanus","Sebastolobus alascanus"
"fish","Actinopterygii","Scorpaeniformes","Sebastidae","Sebastolobus","altivelis","Sebastolobus altivelis"
"fish","Actinopterygii","Scorpaeniformes","Hexagrammidae","Hexagrammos","decagrammus","Hexagrammos decagrammus"
"fish","Actinopterygii","Scorpaeniformes","Hexagrammidae","Pleurogrammus","monopterygius","Pleurogrammus monopterygius"
"fish","Actinopterygii","Scorpaeniformes","Cottidae","Scorpaenichthys","marmoratus","Scorpaenichthys marmoratus"
"fish","Actinopterygii","Pleuronectiformes","Paralichthyidae","Citharichthys","sordidus","Citharichthys sordidus"
"fish","Actinopterygii","Pleuronectiformes","Paralichthyidae","Paralichthys","californicus","Paralichthys californicus"
"fish","Actinopterygii","Pleuronectiformes","Pleuronectidae","Eopsetta","jordani","Eopsetta jordani"
"fish","Actinopterygii","Pleuronectiformes","Pleuronectidae","Glyptocephalus","zachirus","Glyptocephalus zachirus"
"fish","Actinopterygii","Pleuronectiformes","Pleuronectidae","Hippoglossoides","platessoides","Hippoglossoides platessoides"
"fish","Actinopterygii","Pleuronectiformes","Pleuronectidae","Microstomus","pacificus","Microstomus pacificus"
"fish","Actinopterygii","Pleuronectiformes","Pleuronectidae","Parophrys","vetulus","Parophrys vetulus"
"fish","Actinopterygii","Pleuronectiformes","Pleuronectidae","Platichthys","stellatus","Platichthys stellatus"
"fish","Actinopterygii","Pleuronectiformes","Pleuronectidae","Pleuronectes","quadrituberculatus","Pleuronectes quadrituberculatus"
"fish","Actinopterygii","Pleuronectiformes","Pleuronectidae","Psettichthys","melanostictus","Psettichthys melanostictus"
"fish","Actinopterygii","Scorpaeniformes","Normanichthyidae","Normanichthys","crockeri","Normanichthys crockeri"
"fish","Elasmobranchii","Rajiformes","Rajidae","Leucoraja","naevus","Leucoraja naevus"
"fish","Elasmobranchii","Myliobatiformes","Myliobatidae","Myliobatis","aquila","Myliobatis aquila"
"fish","Actinopterygii","Perciformes","Carangidae","Carangoides","malabaricus","Carangoides malabaricus"
"fish","Actinopterygii","Perciformes","Siganidae","Siganus","canaliculatus","Siganus canaliculatus"
"fish","Actinopterygii","Perciformes","Serranidae","Epinephelus","fuscoguttatus","Epinephelus fuscoguttatus"
"fish","Actinopterygii","Perciformes","Serranidae","Epinephelus","tauvina","Epinephelus tauvina"
"fish","Actinopterygii","Perciformes","Carangidae","Gnathanodon","speciosus","Gnathanodon speciosus"
"fish","Actinopterygii","Perciformes","Haemulidae","Diagramma","pictum","Diagramma pictum"
"fish","Actinopterygii","Perciformes","Sparidae","Sparidentex","hasta","Sparidentex hasta"
"fish","Actinopterygii","Perciformes","Sparidae","Dentex","gibbosus","Dentex gibbosus"
"fish","Actinopterygii","Perciformes","Sparidae","Acanthopagrus","bifasciatus","Acanthopagrus bifasciatus"
"fish","Actinopterygii","Perciformes","Sillaginidae","Sillago","sihama","Sillago sihama"
"fish","Actinopterygii","Perciformes","Siganidae","Siganus","rivulatus","Siganus rivulatus"
"fish","Actinopterygii","Perciformes","Sciaenidae","Umbrina","canariensis","Umbrina canariensis"
"fish","Actinopterygii","Perciformes","Nemipteridae","Nemipterus","japonicus","Nemipterus japonicus"
"fish","Actinopterygii","Perciformes","Sciaenidae","Miichthys","miiuy","Miichthys miiuy"
"fish","Actinopterygii","Perciformes","Labridae","Xyrichtys","novacula","Xyrichtys novacula"
"fish","Actinopterygii","Mugiliformes","Mugilidae","Chelon","ramada","Chelon ramada"
"fish","Actinopterygii","Perciformes","Siganidae","Siganus","guttatus","Siganus guttatus"
"fish","Actinopterygii","Perciformes","Lateolabracidae","Lateolabrax","japonicus","Lateolabrax japonicus"
"fish","Actinopterygii","Perciformes","Siganidae","Siganus","javus","Siganus javus"
"fish","Actinopterygii","Perciformes","Sparidae","Dentex","congoensis","Dentex congoensis"
"fish","Elasmobranchii","Carcharhiniformes","Triakidae","Galeorhinus","galeus","Galeorhinus galeus"
"fish","Actinopterygii","Scorpaeniformes","Platycephalidae","Platycephalus","richardsoni","Platycephalus richardsoni"
"fish","Actinopterygii","Perciformes","Haemulidae","Pomadasys","jubelini","Pomadasys jubelini"
"fish","Actinopterygii","Perciformes","Sparidae","Dentex","tumifrons","Dentex tumifrons"
"fish","Actinopterygii","Acipenseriformes","Acipenseridae","Acipenser","gueldenstaedtii","Acipenser gueldenstaedtii"
"fish","Holocephali","Chimaeriformes","Callorhinchidae","Callorhinchus","milii","Callorhinchus milii"
"fish","Actinopterygii","Perciformes","Acanthuridae","Acanthurus","sohal","Acanthurus sohal"
"fish","Actinopterygii","Mugiliformes","Mugilidae","Planiliza","macrolepis","Planiliza macrolepis"
"fish","Actinopterygii","Perciformes","Sciaenidae","Otolithes","ruber","Otolithes ruber"
"fish","Actinopterygii","Perciformes","Serranidae","Plectropomus","leopardus","Plectropomus leopardus"
"fish","Actinopterygii","Perciformes","Sphyraenidae","Sphyraena","jello","Sphyraena jello"
"fish","Actinopterygii","Perciformes","Serranidae","Plectropomus","maculatus","Plectropomus maculatus"
"fish","Actinopterygii","Perciformes","Sparidae","Spicara","maena","Spicara maena"
"fish","Actinopterygii","Perciformes","Serranidae","Epinephelus","merra","Epinephelus merra"
"fish","Actinopterygii","Elopiformes","Elopidae","Elops","lacerta","Elops lacerta"
"fish","Actinopterygii","Perciformes","Serranidae","Epinephelus","goreensis","Epinephelus goreensis"
"fish","Elasmobranchii","Carcharhiniformes","Triakidae","Mustelus","mustelus","Mustelus mustelus"
"fish","Actinopterygii","Perciformes","Polynemidae","Polydactylus","quadrifilis","Polydactylus quadrifilis"
"fish","Actinopterygii","Scorpaeniformes","Scorpaenidae","Pontinus","kuhlii","Pontinus kuhlii"
"fish","Actinopterygii","Perciformes","Gempylidae","Promethichthys","prometheus","Promethichthys prometheus"
"fish","Actinopterygii","Perciformes","Sciaenidae","Pseudotolithus","senegallus","Pseudotolithus senegallus"
"fish","Actinopterygii","Perciformes","Arripidae","Arripis","trutta","Arripis trutta"
"fish","Actinopterygii","Lophiiformes","Lophiidae","Lophius","budegassa","Lophius budegassa"
"fish","Actinopterygii","Perciformes","Serranidae","Epinephelus","akaara","Epinephelus akaara"
"fish","Actinopterygii","Perciformes","Serranidae","Epinephelus","morrhua","Epinephelus morrhua"
"fish","Actinopterygii","Perciformes","Serranidae","Variola","louti","Variola louti"
"fish","Actinopterygii","Clupeiformes","Clupeidae","Alosa","fallax","Alosa fallax"
"fish","Actinopterygii","Perciformes","Serranidae","Epinephelus","areolatus","Epinephelus areolatus"
"fish","Actinopterygii","Perciformes","Sparidae","Rhabdosargus","sarba","Rhabdosargus sarba"
"fish","Actinopterygii","Siluriformes","Callichthyidae","Hoplosternum","littorale","Hoplosternum littorale"
"fish","Actinopterygii","Perciformes","Carangidae","Trachurus","capensis","Trachurus capensis"
"fish","Elasmobranchii","Rhinopristiformes","Rhinidae","Rhynchobatus","djiddensis","Rhynchobatus djiddensis"
"fish","Actinopterygii","Scorpaeniformes","Triglidae","Chelidonichthys","capensis","Chelidonichthys capensis"
"fish","Actinopterygii","Perciformes","Serranidae","Epinephelus","chlorostigma","Epinephelus chlorostigma"
"fish","Actinopterygii","Perciformes","Sparidae","Acanthopagrus","berda","Acanthopagrus berda"
"fish","Actinopterygii","Perciformes","Sparidae","Cymatoceps","nasutus","Cymatoceps nasutus"
"fish","Actinopterygii","Perciformes","Scaridae","Bolbometopon","muricatum","Bolbometopon muricatum"
"fish","Actinopterygii","Perciformes","Scaridae","Scarus","ghobban","Scarus ghobban"
"fish","Actinopterygii","Perciformes","Labridae","Cheilinus","undulatus","Cheilinus undulatus"
"fish","Actinopterygii","Mugiliformes","Mugilidae","Ellochelon","vaigiensis","Ellochelon vaigiensis"
"fish","Actinopterygii","Perciformes","Ephippidae","Platax","orbicularis","Platax orbicularis"
"fish","Actinopterygii","Perciformes","Gerreidae","Gerres","oblongus","Gerres oblongus"
"fish","Actinopterygii","Perciformes","Nemipteridae","Scolopsis","taeniata","Scolopsis taeniata"
"fish","Elasmobranchii","Carcharhiniformes","Triakidae","Mustelus","lenticulatus","Mustelus lenticulatus"
"fish","Elasmobranchii","Carcharhiniformes","Triakidae","Mustelus","schmitti","Mustelus schmitti"
"fish","Elasmobranchii","Carcharhiniformes","Triakidae","Mustelus","asterias","Mustelus asterias"
"fish","Elasmobranchii","Carcharhiniformes","Triakidae","Mustelus","antarcticus","Mustelus antarcticus"
"fish","Actinopterygii","Perciformes","Mullidae","Mulloidichthys","flavolineatus","Mulloidichthys flavolineatus"
"fish","Actinopterygii","Perciformes","Gerreidae","Gerres","oyena","Gerres oyena"
"fish","Actinopterygii","Perciformes","Haemulidae","Pomadasys","kaakan","Pomadasys kaakan"
"fish","Actinopterygii","Perciformes","Serranidae","Plectropomus","areolatus","Plectropomus areolatus"
"fish","Actinopterygii","Perciformes","Sparidae","Acanthopagrus","latus","Acanthopagrus latus"
"fish","Actinopterygii","Clupeiformes","Chirocentridae","Chirocentrus","dorab","Chirocentrus dorab"
"fish","Actinopterygii","Perciformes","Serranidae","Cephalopholis","argus","Cephalopholis argus"
"fish","Actinopterygii","Perciformes","Polynemidae","Polydactylus","sexfilis","Polydactylus sexfilis"
"fish","Actinopterygii","Perciformes","Sparidae","Pagrus","auratus","Pagrus auratus"
"fish","Actinopterygii","Perciformes","Serranidae","Epinephelus","malabaricus","Epinephelus malabaricus"
"fish","Actinopterygii","Perciformes","Serranidae","Cephalopholis","boenak","Cephalopholis boenak"
"fish","Actinopterygii","Perciformes","Serranidae","Cephalopholis","hemistiktos","Cephalopholis hemistiktos"
"fish","Actinopterygii","Perciformes","Serranidae","Cephalopholis","miniata","Cephalopholis miniata"
"fish","Actinopterygii","Perciformes","Serranidae","Cromileptes","altivelis","Cromileptes altivelis"
"fish","Actinopterygii","Perciformes","Serranidae","Epinephelus","coioides","Epinephelus coioides"
"fish","Actinopterygii","Perciformes","Serranidae","Epinephelus","lanceolatus","Epinephelus lanceolatus"
"fish","Actinopterygii","Perciformes","Serranidae","Epinephelus","marginatus","Epinephelus marginatus"
"fish","Actinopterygii","Aulopiformes","Synodontidae","Saurida","tumbil","Saurida tumbil"
"fish","Actinopterygii","Beryciformes","Holocentridae","Sargocentron","spiniferum","Sargocentron spiniferum"
"fish","Actinopterygii","Perciformes","Sparidae","Acanthopagrus","schlegelii","Acanthopagrus schlegelii"
"fish","Actinopterygii","Scorpaeniformes","Sebastidae","Sebastes","schlegelii","Sebastes schlegelii"
"fish","Elasmobranchii","Rajiformes","Arhynchobatidae","Bathyraja","eatonii","Bathyraja eatonii"
"fish","Actinopterygii","Anguilliformes","Synaphobranchidae","Diastobranchus","capensis","Diastobranchus capensis"
"fish","Actinopterygii","Perciformes","Nototheniidae","Dissostichus","mawsoni","Dissostichus mawsoni"
"fish","Actinopterygii","Perciformes","Nototheniidae","Lepidonotothen","squamifrons","Lepidonotothen squamifrons"
"fish","Actinopterygii","Gadiformes","Macrouridae","Macrourus","carinatus","Macrourus carinatus"
"fish","Actinopterygii","Gadiformes","Macrouridae","Macrourus","whitsoni","Macrourus whitsoni"
"fish","Actinopterygii","Zeiformes","Oreosomatidae","Pseudocyttus","maculatus","Pseudocyttus maculatus"
"fish","Actinopterygii","Tetraodontiformes","Balistidae","Balistes","capriscus","Balistes capriscus"
"fish","Actinopterygii","Perciformes","Serranidae","Epinephelus","polylepis","Epinephelus polylepis"
"fish","Actinopterygii","Perciformes","Serranidae","Epinephelus","summana","Epinephelus summana"
"fish","Actinopterygii","Perciformes","Serranidae","Plectropomus","pessuliferus","Plectropomus pessuliferus"
"fish","Actinopterygii","Anguilliformes","Anguillidae","Anguilla","reinhardtii","Anguilla reinhardtii"
"fish","Elasmobranchii","Rajiformes","Rajidae","Leucoraja","circularis","Leucoraja circularis"
"fish","Elasmobranchii","Rajiformes","Rajidae","Dipturus","oxyrinchus","Dipturus oxyrinchus"
"fish","Elasmobranchii","Rajiformes","Rajidae","Leucoraja","fullonica","Leucoraja fullonica"
"fish","Actinopterygii","Perciformes","Sciaenidae","Micropogonias","furnieri","Micropogonias furnieri"
"fish","Actinopterygii","Perciformes","Haemulidae","Plectorhinchus","sordidus","Plectorhinchus sordidus"
"fish","Actinopterygii","Perciformes","Haemulidae","Plectorhinchus","gaterinus","Plectorhinchus gaterinus"
"fish","Actinopterygii","Perciformes","Haemulidae","Plectorhinchus","schotaf","Plectorhinchus schotaf"
"fish","Actinopterygii","Perciformes","Haemulidae","Pomadasys","stridens","Pomadasys stridens"
"fish","Actinopterygii","Perciformes","Pomacanthidae","Pomacanthus","maculosus","Pomacanthus maculosus"
"fish","Actinopterygii","Perciformes","Sparidae","Crenidens","crenidens","Crenidens crenidens"
"fish","Actinopterygii","Perciformes","Terapontidae","Pelates","quadrilineatus","Pelates quadrilineatus"
"fish","Actinopterygii","Perciformes","Sparidae","Rhabdosargus","haffara","Rhabdosargus haffara"
"fish","Actinopterygii","Atheriniformes","Atherinopsidae","Odontesthes","regia","Odontesthes regia"
"fish","Actinopterygii","Perciformes","Kyphosidae","Girella","tricuspidata","Girella tricuspidata"
"fish","Actinopterygii","Tetraodontiformes","Tetraodontidae","Takifugu","rubripes","Takifugu rubripes"
"fish","Actinopterygii","Perciformes","Latidae","Psammoperca","waigiensis","Psammoperca waigiensis"
"fish","Actinopterygii","Syngnathiformes","Fistulariidae","Fistularia","corneta","Fistularia corneta"
"fish","Actinopterygii","Perciformes","Haemulidae","Plectorhinchus","pictus","Plectorhinchus pictus"
"fish","Holocephali","Chimaeriformes","Callorhinchidae","Callorhinchus","callorynchus","Callorhinchus callorynchus"
"fish","Actinopterygii","Gadiformes","Bregmacerotidae","Bregmaceros","mcclellandi","Bregmaceros mcclellandi"
"fish","Actinopterygii","Gadiformes","Macrouridae","Coelorinchus","chilensis","Coelorinchus chilensis"
"fish","Actinopterygii","Gadiformes","Macrouridae","Lepidorhynchus","denticulatus","Lepidorhynchus denticulatus"
"fish","Actinopterygii","Perciformes","Gempylidae","Rexea","solandri","Rexea solandri"
"fish","Actinopterygii","Perciformes","Sillaginidae","Sillago","flindersi","Sillago flindersi"
"fish","Actinopterygii","Pleuronectiformes","Pleuronectidae","Pseudopleuronectes","herzensteini","Pseudopleuronectes herzensteini"
"fish","Actinopterygii","Perciformes","Serranidae","Cephalopholis","fulva","Cephalopholis fulva"
"fish","Actinopterygii","Pleuronectiformes","Soleidae","Solea","senegalensis","Solea senegalensis"
"fish","Actinopterygii","Perciformes","Gerreidae","Gerres","nigri","Gerres nigri"
"fish","Actinopterygii","Perciformes","Cheilodactylidae","Nemadactylus","macropterus","Nemadactylus macropterus"
"fish","Actinopterygii","Siluriformes","Ariidae","Netuma","thalassina","Netuma thalassina"
"fish","Actinopterygii","Lophiiformes","Lophiidae","Lophius","vomerinus","Lophius vomerinus"
"fish","Actinopterygii","Perciformes","Nototheniidae","Patagonotothen","ramsayi","Patagonotothen ramsayi"
"fish","Actinopterygii","Zeiformes","Cyttidae","Cyttus","traversi","Cyttus traversi"
"fish","Actinopterygii","Tetraodontiformes","Diodontidae","Tragulichthys","jaculiferus","Tragulichthys jaculiferus"
"fish","Actinopterygii","Perciformes","Sciaenidae","Argyrosomus","japonicus","Argyrosomus japonicus"
"fish","Actinopterygii","Perciformes","Emmelichthyidae","Plagiogeneion","rubiginosum","Plagiogeneion rubiginosum"
"fish","Actinopterygii","Perciformes","Pentacerotidae","Paristiopterus","labiosus","Paristiopterus labiosus"
"fish","Actinopterygii","Perciformes","Pinguipedidae","Prolatilus","jugularis","Prolatilus jugularis"
"fish","Actinopterygii","Perciformes","Centrolophidae","Seriolella","brama","Seriolella brama"
"fish","Actinopterygii","Perciformes","Centrolophidae","Seriolella","caerulea","Seriolella caerulea"
"fish","Actinopterygii","Perciformes","Uranoscopidae","Kathetostoma","giganteum","Kathetostoma giganteum"
"fish","Actinopterygii","Perciformes","Centrolophidae","Seriolella","punctata","Seriolella punctata"
"fish","Actinopterygii","Perciformes","Stromateidae","Stromateus","brasiliensis","Stromateus brasiliensis"
"fish","Actinopterygii","Zeiformes","Oreosomatidae","Allocyttus","niger","Allocyttus niger"
"fish","Actinopterygii","Mugiliformes","Mugilidae","Planiliza","haematocheila","Planiliza haematocheila"
"fish","Actinopterygii","Perciformes","Scaridae","Sparisoma","cretense","Sparisoma cretense"
"fish","Actinopterygii","Tetraodontiformes","Monacanthidae","Meuschenia","scaber","Meuschenia scaber"
"fish","Elasmobranchii","Rajiformes","Rajidae","Dipturus","innominatus","Dipturus innominatus"
"fish","Holocephali","Chimaeriformes","Chimaeridae","Hydrolagus","novaezealandiae","Hydrolagus novaezealandiae"
"fish","Actinopterygii","Perciformes","Sciaenidae","Pennahia","anea","Pennahia anea"
"fish","Actinopterygii","Anguilliformes","Muraenesocidae","Cynoponticus","coniceps","Cynoponticus coniceps"
"fish","Actinopterygii","Perciformes","Mullidae","Mullus","argentinae","Mullus argentinae"
"fish","Actinopterygii","Beryciformes","Berycidae","Centroberyx","affinis","Centroberyx affinis"
"fish","Actinopterygii","Beryciformes","Berycidae","Centroberyx","gerrardi","Centroberyx gerrardi"
"fish","Actinopterygii","Syngnathiformes","Centriscidae","Centriscops","humerosus","Centriscops humerosus"
"fish","Actinopterygii","Perciformes","Scombridae","Thunnus","orientalis","Thunnus orientalis"
"fish","Actinopterygii","Scorpaeniformes","Platycephalidae","Platycephalus","conatus","Platycephalus conatus"
"fish","Actinopterygii","Perciformes","Serranidae","Lepidoperca","pulchella","Lepidoperca pulchella"
"fish","Actinopterygii","Perciformes","Scaridae","Scarus","persicus","Scarus persicus"
"fish","Actinopterygii","Perciformes","Serranidae","Caprodon","longimanus","Caprodon longimanus"
"fish","Elasmobranchii","Rhinopristiformes","Rhinidae","Rhynchobatus","australiae","Rhynchobatus australiae"
"fish","Actinopterygii","Perciformes","Gobiidae","Boleophthalmus","pectinirostris","Boleophthalmus pectinirostris"
"fish","Myxini","Myxiniformes","Myxinidae","Eptatretus","cirrhatus","Eptatretus cirrhatus"
"fish","Actinopterygii","Pleuronectiformes","Pleuronectidae","Lepidopsetta","bilineata","Lepidopsetta bilineata"
"fish","Actinopterygii","Scorpaeniformes","Platycephalidae","Grammoplites","suppositus","Grammoplites suppositus"
"fish","Actinopterygii","Perciformes","Stromateidae","Peprilus","paru","Peprilus paru"
"fish","Actinopterygii","Perciformes","Pinguipedidae","Pseudopercis","semifasciata","Pseudopercis semifasciata"
"fish","Actinopterygii","Perciformes","Bovichtidae","Cottoperca","gobio","Cottoperca gobio"
"fish","Actinopterygii","Perciformes","Sciaenidae","Cynoscion","guatucupa","Cynoscion guatucupa"
"fish","Actinopterygii","Pleuronectiformes","Pleuronectidae","Lepidopsetta","polyxystra","Lepidopsetta polyxystra"
"fish","Actinopterygii","Scorpaeniformes","Sebastidae","Sebastes","variabilis","Sebastes variabilis"
"invert","Bivalvia","Arcoida","Arcidae","Anadara","broughtonii","Anadara broughtonii"
"invert","Bivalvia","Arcoida","Arcidae","Anadara","grandis","Anadara grandis"
"invert","Bivalvia","Arcoida","Arcidae","Anadara","ovalis","Anadara ovalis"
"invert","Bivalvia","Arcoida","Arcidae","Anadara","tuberculosa","Anadara tuberculosa"
"invert","Bivalvia","Arcoida","Arcidae","Tegillarca","granosa","Tegillarca granosa"
"invert","Malacostraca","Decapoda","Aristeidae","Aristaeomorpha","foliacea","Aristaeomorpha foliacea"
"invert","Malacostraca","Decapoda","Aristeidae","Aristeus","antennatus","Aristeus antennatus"
"invert","Malacostraca","Decapoda","Aristeidae","Aristeus","varidens","Aristeus varidens"
"invert","Malacostraca","Decapoda","Aristeidae","Plesiopenaeus","edwardsianus","Plesiopenaeus edwardsianus"
"invert","Gastropoda","Neogastropoda","Buccinidae","Buccinum","undatum","Buccinum undatum"
"invert","Malacostraca","Decapoda","Cancridae","Cancer","borealis","Cancer borealis"
"invert","Malacostraca","Decapoda","Cancridae","Cancer","irroratus","Cancer irroratus"
"invert","Malacostraca","Decapoda","Cancridae","Cancer","pagurus","Cancer pagurus"
"invert","Malacostraca","Decapoda","Cancridae","Cancer","productus","Cancer productus"
"invert","Bivalvia","Veneroida","Cardiidae","Cerastoderma","edule","Cerastoderma edule"
"invert","Bivalvia","Veneroida","Cardiidae","Tridacna","crocea","Tridacna crocea"
"invert","Bivalvia","Veneroida","Cardiidae","Tridacna","derasa","Tridacna derasa"
"invert","Bivalvia","Veneroida","Cardiidae","Tridacna","maxima","Tridacna maxima"
"invert","Bivalvia","Veneroida","Cardiidae","Tridacna","squamosa","Tridacna squamosa"
"invert","Malacostraca","Decapoda","Cheiragonidae","Erimacrus","isenbeckii","Erimacrus isenbeckii"
"invert","Bivalvia","Veneroida","Corbiculidae","Polymesoda","expansa","Polymesoda expansa"
"invert","Malacostraca","Decapoda","Crangonidae","Crangon","crangon","Crangon crangon"
"invert","Echinoidea","Echinoida","Echinidae","Loxechinus","albus","Loxechinus albus"
"invert","Echinoidea","Echinoida","Echinidae","Paracentrotus","lividus","Paracentrotus lividus"
"invert","Malacostraca","Decapoda","Geryonidae","Chaceon","affinis","Chaceon affinis"
"invert","Malacostraca","Decapoda","Geryonidae","Chaceon","quinquedens","Chaceon quinquedens"
"invert","Bivalvia","Arcoida","Glycymerididae","Glycymeris","glycymeris","Glycymeris glycymeris"
"invert","Cephalopoda","Teuthida","Gonatidae","Berryteuthis","magister","Berryteuthis magister"
"invert","Gastropoda","Patellogastropoda","Haliotidae","Haliotis","rubra","Haliotis rubra"
"invert","Gastropoda","Patellogastropoda","Haliotidae","Haliotis","tuberculata","Haliotis tuberculata"
"invert","Bivalvia","Myoida","Hiatellidae","Panopea","generosa","Panopea generosa"
"invert","Holothuroidea","Aspidochirotida","Holothuriidae","Holothuria","fuscogilva","Holothuria fuscogilva"
"invert","Holothuroidea","Aspidochirotida","Holothuriidae","Holothuria","nobilis","Holothuria nobilis"
"invert","Merostomata","Xiphosura","Limulidae","Limulus","polyphemus","Limulus polyphemus"
"invert","Malacostraca","Decapoda","Lithodidae","Paralithodes","camtschaticus","Paralithodes camtschaticus"
"invert","Malacostraca","Decapoda","Lithodidae","Paralithodes","platypus","Paralithodes platypus"
"invert","Gastropoda","Neotaenioglossa","Littorinidae","Littorina","littorea","Littorina littorea"
"invert","Cephalopoda","Teuthida","Loliginidae","Doryteuthis","pealeii","Doryteuthis pealeii"
"invert","Cephalopoda","Teuthida","Loliginidae","Loligo","vulgaris","Loligo vulgaris"
"invert","Cephalopoda","Teuthida","Loliginidae","Sepioteuthis","lessoniana","Sepioteuthis lessoniana"
"invert","Bivalvia","Veneroida","Mactridae","Mactra","glabrata","Mactra glabrata"
"invert","Bivalvia","Veneroida","Mactridae","Mactra","quadrangularis","Mactra quadrangularis"
"invert","Bivalvia","Veneroida","Mactridae","Spisula","solida","Spisula solida"
"invert","Bivalvia","Veneroida","Mactridae","Tresus","nuttallii","Tresus nuttallii"
"invert","Malacostraca","Decapoda","Majidae","Maja","squinado","Maja squinado"
"invert","Malacostraca","Decapoda","Menippidae","Menippe","mercenaria","Menippe mercenaria"
"invert","Bivalvia","Myoida","Myidae","Mya","arenaria","Mya arenaria"
"invert","Bivalvia","Mytiloida","Mytilidae","Aulacomya","ater","Aulacomya ater"
"invert","Bivalvia","Mytiloida","Mytilidae","Choromytilus","chorus","Choromytilus chorus"
"invert","Bivalvia","Mytiloida","Mytilidae","Mytilus","chilensis","Mytilus chilensis"
"invert","Bivalvia","Mytiloida","Mytilidae","Mytilus","coruscus","Mytilus coruscus"
"invert","Bivalvia","Mytiloida","Mytilidae","Mytilus","edulis","Mytilus edulis"
"invert","Bivalvia","Mytiloida","Mytilidae","Mytilus","galloprovincialis","Mytilus galloprovincialis"
"invert","Bivalvia","Mytiloida","Mytilidae","Mytilus","planulatus","Mytilus planulatus"
"invert","Bivalvia","Mytiloida","Mytilidae","Mytilus","platensis","Mytilus platensis"
"invert","Bivalvia","Mytiloida","Mytilidae","Perna","canaliculus","Perna canaliculus"
"invert","Bivalvia","Mytiloida","Mytilidae","Perna","perna","Perna perna"
"invert","Bivalvia","Mytiloida","Mytilidae","Perna","viridis","Perna viridis"
"invert","Malacostraca","Decapoda","Nephropidae","Homarus","americanus","Homarus americanus"
"invert","Malacostraca","Decapoda","Nephropidae","Homarus","gammarus","Homarus gammarus"
"invert","Malacostraca","Decapoda","Nephropidae","Metanephrops","challengeri","Metanephrops challengeri"
"invert","Malacostraca","Decapoda","Nephropidae","Nephrops","norvegicus","Nephrops norvegicus"
"invert","Cephalopoda","Octopoda","Octopodidae","Eledone","cirrhosa","Eledone cirrhosa"
"invert","Cephalopoda","Octopoda","Octopodidae","Octopus","vulgaris","Octopus vulgaris"
"invert","Cephalopoda","Teuthida","Ommastrephidae","Dosidicus","gigas","Dosidicus gigas"
"invert","Cephalopoda","Teuthida","Ommastrephidae","Illex","argentinus","Illex argentinus"
"invert","Cephalopoda","Teuthida","Ommastrephidae","Illex","coindetii","Illex coindetii"
"invert","Cephalopoda","Teuthida","Ommastrephidae","Illex","illecebrosus","Illex illecebrosus"
"invert","Cephalopoda","Teuthida","Ommastrephidae","Ommastrephes","bartramii","Ommastrephes bartramii"
"invert","Cephalopoda","Teuthida","Ommastrephidae","Todarodes","pacificus","Todarodes pacificus"
"invert","Cephalopoda","Teuthida","Ommastrephidae","Todarodes","sagittatus","Todarodes sagittatus"
"invert","Malacostraca","Decapoda","Oregoniidae","Chionoecetes","opilio","Chionoecetes opilio"
"invert","Bivalvia","Ostreoida","Ostreidae","Crassostrea","corteziensis","Crassostrea corteziensis"
"invert","Bivalvia","Ostreoida","Ostreidae","Crassostrea","gasar","Crassostrea gasar"
"invert","Bivalvia","Ostreoida","Ostreidae","Crassostrea","gigas","Crassostrea gigas"
"invert","Bivalvia","Ostreoida","Ostreidae","Crassostrea","iredalei","Crassostrea iredalei"
"invert","Bivalvia","Ostreoida","Ostreidae","Crassostrea","madrasensis","Crassostrea madrasensis"
"invert","Bivalvia","Ostreoida","Ostreidae","Crassostrea","rhizophorae","Crassostrea rhizophorae"
"invert","Bivalvia","Ostreoida","Ostreidae","Crassostrea","virginica","Crassostrea virginica"
"invert","Bivalvia","Ostreoida","Ostreidae","Ostrea","chilensis","Ostrea chilensis"
"invert","Bivalvia","Ostreoida","Ostreidae","Ostrea","conchaphila","Ostrea conchaphila"
"invert","Bivalvia","Ostreoida","Ostreidae","Ostrea","edulis","Ostrea edulis"
"invert","Bivalvia","Ostreoida","Ostreidae","Ostreola","conchaphila","Ostreola conchaphila"
"invert","Bivalvia","Ostreoida","Ostreidae","Saccostrea","commercialis","Saccostrea commercialis"
"invert","Bivalvia","Ostreoida","Ostreidae","Saccostrea","cucullata","Saccostrea cucullata"
"invert","Malacostraca","Decapoda","Palaemonidae","Palaemon","serratus","Palaemon serratus"
"invert","Malacostraca","Decapoda","Palinuridae","Jasus","edwardsii","Jasus edwardsii"
"invert","Malacostraca","Decapoda","Palinuridae","Jasus","lalandii","Jasus lalandii"
"invert","Malacostraca","Decapoda","Palinuridae","Palinurus","elephas","Palinurus elephas"
"invert","Malacostraca","Decapoda","Palinuridae","Palinurus","gilchristi","Palinurus gilchristi"
"invert","Malacostraca","Decapoda","Palinuridae","Palinurus","mauritanicus","Palinurus mauritanicus"
"invert","Malacostraca","Decapoda","Palinuridae","Panulirus","argus","Panulirus argus"
"invert","Malacostraca","Decapoda","Palinuridae","Panulirus","gracilis","Panulirus gracilis"
"invert","Malacostraca","Decapoda","Palinuridae","Panulirus","homarus","Panulirus homarus"
"invert","Malacostraca","Decapoda","Palinuridae","Panulirus","longipes","Panulirus longipes"
"invert","Malacostraca","Decapoda","Palinuridae","Sagmariasus","verreauxi","Sagmariasus verreauxi"
"invert","Malacostraca","Decapoda","Pandalidae","Pandalus","jordani","Pandalus jordani"
"invert","Bivalvia","Ostreoida","Pectinidae","Aequipecten","opercularis","Aequipecten opercularis"
"invert","Bivalvia","Ostreoida","Pectinidae","Argopecten","purpuratus","Argopecten purpuratus"
"invert","Bivalvia","Ostreoida","Pectinidae","Argopecten","ventricosus","Argopecten ventricosus"
"invert","Bivalvia","Ostreoida","Pectinidae","Chlamys","islandica","Chlamys islandica"
"invert","Bivalvia","Ostreoida","Pectinidae","Mimachlamys","varia","Mimachlamys varia"
"invert","Bivalvia","Ostreoida","Pectinidae","Mizuhopecten","yessoensis","Mizuhopecten yessoensis"
"invert","Bivalvia","Ostreoida","Pectinidae","Nodipecten","subnodosus","Nodipecten subnodosus"
"invert","Bivalvia","Ostreoida","Pectinidae","Patinopecten","caurinus","Patinopecten caurinus"
"invert","Bivalvia","Ostreoida","Pectinidae","Pecten","fumatus","Pecten fumatus"
"invert","Bivalvia","Ostreoida","Pectinidae","Pecten","jacobaeus","Pecten jacobaeus"
"invert","Bivalvia","Ostreoida","Pectinidae","Pecten","maximus","Pecten maximus"
"invert","Malacostraca","Decapoda","Penaeidae","Artemesia","longinaris","Artemesia longinaris"
"invert","Malacostraca","Decapoda","Penaeidae","Farfantepenaeus","aztecus","Farfantepenaeus aztecus"
"invert","Malacostraca","Decapoda","Penaeidae","Farfantepenaeus","brevirostris","Farfantepenaeus brevirostris"
"invert","Malacostraca","Decapoda","Penaeidae","Farfantepenaeus","duorarum","Farfantepenaeus duorarum"
"invert","Malacostraca","Decapoda","Penaeidae","Farfantepenaeus","notialis","Farfantepenaeus notialis"
"invert","Malacostraca","Decapoda","Penaeidae","Fenneropenaeus","chinensis","Fenneropenaeus chinensis"
"invert","Malacostraca","Decapoda","Penaeidae","Fenneropenaeus","penicillatus","Fenneropenaeus penicillatus"
"invert","Malacostraca","Decapoda","Penaeidae","Litopenaeus","setiferus","Litopenaeus setiferus"
"invert","Malacostraca","Decapoda","Penaeidae","Litopenaeus","vannamei","Litopenaeus vannamei"
"invert","Malacostraca","Decapoda","Penaeidae","Marsupenaeus","japonicus","Marsupenaeus japonicus"
"invert","Malacostraca","Decapoda","Penaeidae","Melicertus","kerathurus","Melicertus kerathurus"
"invert","Malacostraca","Decapoda","Penaeidae","Melicertus","latisulcatus","Melicertus latisulcatus"
"invert","Malacostraca","Decapoda","Penaeidae","Metapenaeus","joyneri","Metapenaeus joyneri"
"invert","Malacostraca","Decapoda","Penaeidae","Metapenaeus","monoceros","Metapenaeus monoceros"
"invert","Malacostraca","Decapoda","Penaeidae","Parapenaeopsis","atlantica","Parapenaeopsis atlantica"
"invert","Malacostraca","Decapoda","Penaeidae","Parapenaeus","longirostris","Parapenaeus longirostris"
"invert","Malacostraca","Decapoda","Penaeidae","Penaeus","monodon","Penaeus monodon"
"invert","Malacostraca","Decapoda","Penaeidae","Penaeus","semisulcatus","Penaeus semisulcatus"
"invert","Malacostraca","Decapoda","Penaeidae","Trachysalambria","curvirostris","Trachysalambria curvirostris"
"invert","Malacostraca","Decapoda","Penaeidae","Xiphopenaeus","kroyeri","Xiphopenaeus kroyeri"
"invert","Bivalvia","Veneroida","Pharidae","Ensis","directus","Ensis directus"
"invert","Bivalvia","Veneroida","Pharidae","Ensis","ensis","Ensis ensis"
"invert","Bivalvia","Veneroida","Pharidae","Pharus","legumen","Pharus legumen"
"invert","Maxillopoda","Pedunculata","Pollicipedidae","Pollicipes","pollicipes","Pollicipes pollicipes"
"invert","Malacostraca","Decapoda","Portunidae","Callinectes","danae","Callinectes danae"
"invert","Malacostraca","Decapoda","Portunidae","Callinectes","sapidus","Callinectes sapidus"
"invert","Malacostraca","Decapoda","Portunidae","Carcinus","aestuarii","Carcinus aestuarii"
"invert","Malacostraca","Decapoda","Portunidae","Carcinus","maenas","Carcinus maenas"
"invert","Malacostraca","Decapoda","Portunidae","Portunus","pelagicus","Portunus pelagicus"
"invert","Malacostraca","Decapoda","Portunidae","Portunus","trituberculatus","Portunus trituberculatus"
"invert","Malacostraca","Decapoda","Portunidae","Scylla","serrata","Scylla serrata"
"invert","Bivalvia","Veneroida","Psammobiidae","Asaphis","violascens","Asaphis violascens"
"invert","Bivalvia","Veneroida","Psammobiidae","Soletellina","diphos","Soletellina diphos"
"invert","Bivalvia","Pterioida","Pteriidae","Pinctada","margaritifera","Pinctada margaritifera"
"invert","Bivalvia","Pterioida","Pteriidae","Pteria","penguin","Pteria penguin"
"invert","Malacostraca","Decapoda","Scyllaridae","Thenus","orientalis","Thenus orientalis"
"invert","Bivalvia","Veneroida","Semelidae","Scrobicularia","plana","Scrobicularia plana"
"invert","Cephalopoda","Sepiida","Sepiidae","Sepia","officinalis","Sepia officinalis"
"invert","Malacostraca","Decapoda","Sergestidae","Acetes","erythraeus","Acetes erythraeus"
"invert","Malacostraca","Decapoda","Sergestidae","Acetes","japonicus","Acetes japonicus"
"invert","Malacostraca","Decapoda","Sicyoniidae","Sicyonia","brevirostris","Sicyonia brevirostris"
"invert","Malacostraca","Decapoda","Sicyoniidae","Sicyonia","ingentis","Sicyonia ingentis"
"invert","Bivalvia","Veneroida","Solecurtidae","Sinonovacula","constricta","Sinonovacula constricta"
"invert","Malacostraca","Decapoda","Solenoceridae","Pleoticus","muelleri","Pleoticus muelleri"
"invert","Malacostraca","Decapoda","Solenoceridae","Pleoticus","robustus","Pleoticus robustus"
"invert","Malacostraca","Decapoda","Solenoceridae","Solenocera","agassizii","Solenocera agassizii"
"invert","Malacostraca","Stomatopoda","Squillidae","Squilla","mantis","Squilla mantis"
"invert","Holothuroidea","Aspidochirotida","Stichopodidae","Thelenota","ananas","Thelenota ananas"
"invert","Bivalvia","Veneroida","Tridacnidae","Hippopus","hippopus","Hippopus hippopus"
"invert","Gastropoda","Archaeogastropoda","Trochidae","Trochus","niloticus","Trochus niloticus"
"invert","Malacostraca","Decapoda","Upogebiidae","Upogebia","pugettensis","Upogebia pugettensis"
"invert","Bivalvia","Veneroida","Veneridae","Callista","chione","Callista chione"
"invert","Bivalvia","Veneroida","Veneridae","Chamelea","gallina","Chamelea gallina"
"invert","Bivalvia","Veneroida","Veneridae","Cyclina","sinensis","Cyclina sinensis"
"invert","Bivalvia","Veneroida","Veneridae","Leukoma","staminea","Leukoma staminea"
"invert","Bivalvia","Veneroida","Veneridae","Mercenaria","mercenaria","Mercenaria mercenaria"
"invert","Bivalvia","Veneroida","Veneridae","Meretrix","lusoria","Meretrix lusoria"
"invert","Bivalvia","Veneroida","Veneridae","Paphia","gallus","Paphia gallus"
"invert","Bivalvia","Veneroida","Veneridae","Ruditapes","decussatus","Ruditapes decussatus"
"invert","Bivalvia","Veneroida","Veneridae","Ruditapes","philippinarum","Ruditapes philippinarum"
"invert","Bivalvia","Veneroida","Veneridae","Saxidomus","gigantea","Saxidomus gigantea"
"invert","Bivalvia","Veneroida","Veneridae","Tapes","aureus","Tapes aureus"
"invert","Bivalvia","Veneroida","Veneridae","Venerupis","pullastra","Venerupis pullastra"
"invert","Bivalvia","Veneroida","Veneridae","Venerupis","rhomboides","Venerupis rhomboides"
"invert","Bivalvia","Veneroida","Veneridae","Venus","verrucosa","Venus verrucosa"
